"","Id","Human.Development.Index.HDI.2014","Gini.coefficient.2005.2013","Birth.registration.funder.age.5.2005.2013","Carbon.dioxide.emissionsAverage.annual.growth","Carbon.dioxide.emissions.per.capita.2011.Tones","Change.forest.percentable.1900.to.2012","Change.mobile.usage.2009.2014","Consumer.price.index.2013","Domestic.credit.provided.by.financial.sector.2013","Domestic.food.price.level.2009.2014.index","Domestic.food.price.level.2009.2014.volitility.index","Electrification.rate.or.population","Exports.and.imports.percentage.GPD.2013","Female.Suicide.Rate.100k.people","Foreign.direct.investment.net.inflows.percentage.GDP.2013","Forest.area.percentage.of.total.land.area.2012","Fossil.fuels.percentage.of.total.2012","Fresh.water.withdrawals.2005","Gender.Inequality.Index.2014","General.government.final.consumption.expenditure...Annual.growth.2005.2013","General.government.final.consumption.expenditure...Perce.of.GDP.2005.2013","Gross.domestic.product.GDP.2013","Gross.fixed.capital.formation.of.GDP.2005.2013","Homeless.people.due.to.natural.disaster.2005.2014.per.million.people","Homicide.rate.per.100k.people.2008.2012","Infant.Mortality.2013.per.thousands","International.inbound.tourists.thausands.2013","International.student.mobility.of.total.tetiary.enrolvemnt.2013","Internet.users.percentage.of.population.2014","Intimate.or.nonintimate.partner.violence.ever.experienced.2001.2011","MaleSuicide.Rate.100k.people","Mobile.phone.subscriptions.per.100.people.2014","Natural.resource.depletion","Net.migration.rate.per.1k.people.2010.2015","Physicians.per.10k.people","Population.living.on.degraded.land.Percentage.2010","Population.with.at.least.some.secondary.education.percent.2005.2013","Primary.school.dropout.rate.2008.2014","Prison.population.per.100k.people","Private.capital.flows.percentage.GDP.2013","Public.expenditure.on.education.Percentange.GDP","Public.health.expenditure.percentage.of.GDP.2013","Pupil.teacher.ratio.primary.school.pupils.per.teacher.2008.2014","Refugees.by.country.of.origin","Remittances.inflows.percentual.GDP.2013","Renewable.sources.percentage.of.total.2012","Research.and.development.expenditure..2005.2012","Stock.of.immigrants.percentage.of.population.2013","Taxes.on.income.profit.and.capital.gain.205.2013","Total.tax.revenue.of.GDP.2005.2013","Tuberculosis.rate.per.thousands.2012","Under.five.Mortality.2013.thousands"
"1","Norway",0.94387728002259,26.83,100,0.778924806,9.192879069,11.9145673730521,5.22,104.1941748,86.956222267,1.51,11.3,100,67.03594,5.2,0.5125554,27.973433205,57.27180466,0.75,0.0674430017421527,1.815163573,21.85272015,317.4975867,22.6444755,0,2.2,2.3,4963,-3.37449,96.3,26.8,13,116.51,9.019499492,6,37.39,0.186818481,97.05961,1.51155,72,11.4674,6.552840233,9.573011,9.59063666666667,0.013,0.1544065,47.75267616,1.65474,13.77262169,31.798390749,27.288096905,0.14,2.8
"2","Australia",0.934958250222263,34.01,100,1.090351403,16.51920992,-4.56181232106,30.27,107.7894398,158.840775744,1.36,6.3,100,40.99572,5.2,3.330412,19.193731044,95.36779752,3.93,0.110130102956951,-0.017409664,17.7467415,990.7210035,28.3274072,33.40661991,1.1,3.4,6382,17.13209,84.56,39.9,16.1,131.23,3.819851398,6.5,32.73,8.98454966,94.44895,6.11862333333333,130,-6.789013,5.110410213,8.998704,12.3030066666667,0.025,0.1579534,4.632201736,2.38562,27.71179314,65.333748426,21.361425995,0.19,4
"3","Switzerland",0.929613139886712,32.35,100,-1.101253915,4.625229924,8.56741640883676,16.72,99.3172293,173.429315611,1.35,6.6,100,132.1828,5.1,-1.193327,31.612511388,51.07563775,12.3133333333333,0.0278476453019586,1.447042892,10.96350675,442.0365935,23.4173357,0,0.6,3.6,8967,12.61502,87,39,13.6,140.54,0.013972937,8,39.38,0.4567513,95.74914,6.05644,82,12.6332,5.276949883,11.46621,10.7542,0.015,0.4594014,49.65939818,2.87046,28.90699771,22.673298671,9.759124063,0.22,4.2
"4","Denmark",0.923327926047681,26.88,100,-1.767732957,7.248328717,23.0299739661291,1.83,106.0577185,199.614502386,1.31,6,100,102.8064,4.1,0.4755334,12.915390054,70.58238697,10.75,0.0484322470579875,-0.484064419,26.71585401,235.7224101,18.3244425,0,0.8,2.9,8557,8.32088,95.99,50,13.6,125.96,1.463290729,2.7,34.24,8.536134407,96.07674,1.11317,73,-0.124352,8.745690346,10.62326,12.3030066666667,0.01,0.4342917,26.76724503,2.98416,9.909512135,39.677938196,33.395651012,0.4,3.5
"5","Netherlands",0.921793511865192,28.87,100,-0.25273377,10.06448974,5.92260218995679,-4.31,107.4741544,193.011288775,1.38,5.6,100,155.5511,4.8,3.761942,10.824436536,91.44745084,11.65,0.0624059806438122,-0.251702124,26.33518498,755.2590028,18.2463744,0,0.9,3.3,12800,5.42285,93.17,39.4666666666667,11.7,116.42,0.866811752,0.6,31.49,5.352625045,89.04594,6.05644,82,7.619826,5.930980206,12.8853,11.50226,0.063,0.1834062,6.671365641,2.15676,11.72441763,23.533103608,19.724058916,0.17,4
"6","Germany",0.916079907698891,30.63,100,-0.739740093,8.917832846,3.2934473690835,-4.6,105.692141,113.521434572,1.54,5.6,100,85.31842,4.1,1.374354,31.77827509,80.187836,20.95,0.0407289546024232,0.726060184,19.26363598,3483.398236,19.7839458,0,0.8,3.2,31500,2.78761,86.19,40,14.5,120.42,0.076885776,1.3,38.06,8.085258727,96.64598,3.75764,79,6.659943,4.979529858,11.29719,11.71402,0.176,0.4233354,20.38880799,2.9191,11.90093743,16.25383828,11.518237027,0.35,3.9
"7","Ireland",0.915541561984203,32.06,100,0.591211929,7.880759326,62.7096774133141,-2.26,104.8396802,186.081408593,1.23,3.3,100,189.7978,5.2,21.52736,10.982726085,84.72883027,12.3133333333333,0.112931536945731,-0.037290291,17.4782253,206.4707637,15.1765979,0,1.2,3.2,8260,-3.8625,79.69,14.5,16.9,104.26,0.069177694,2.2,27.19,0.483991792,79.56229,6.11862333333333,88,19.25707,6.154679775,8.921805,16.06046,0.009,0.3095776,6.405793703,1.72382,15.89599092,37.823960113,22.006956424,0.39,3.8
"8","United States",0.914959353959777,41.12,100,-0.692444213,17.02021634,2.98213413024144,11.04,106.8338489,240.546463207,1,0,100,30.01294,5.2,1.75912,33.319515229,83.55005184,15.49,0.279976559589225,-1.322071182,15.19253821,16230.20875,19.3480478,14.93525005,4.7,5.9,69800,3.62564,87.36,35.6,19.4,98.41,0.958708867,3.1,24.52,1.09258942,94.98449,2.42521666666667,716,0.6691694,5.226019859,17.09764,14.42216,4.786,0.039927,16.29966924,2.79197,14.30557337,53.181714509,10.565895957,0.14,6.9
"9","Canada",0.913178984420728,33.68,100,-0.40164638,14.13581338,1.17284626455216e-08,17.63,105.4522038,173.054866602,1.25,7.1,100,61.85041,4.8,3.873133,34.104982564,73.69457159,12.3133333333333,0.129227342328793,0.579248131,21.67536679,1472.925397,23.7232617,20.64102374,1.6,4.6,16600,3.80924666666667,87.12,6.4,14.9,82.98,2.412690401,6.3,20.68,2.682220681,99.99999,4.6367,118,-2.021756,5.272459984,10.8607,11.17668,0.107,0.0656526,27.89825014,1.72797,20.70413929,51.64931625,11.531947693,0.19,5.2
"10","New Zealand",0.913497655649251,28.7633333333333,100,1.115933201,7.124050867,6.89378237191591,3.07,106.7281728,153.954466358,1.96,8.7,100,57.48594,5,-0.2743136,31.340245338,61.43322269,5.26,0.157201498071108,1.862379329,18.67254022,146.6764056,20.5684371,16.10972323,0.9,5.2,2629,14.02246,85.5,33.1,14.4,112.05,1.592807025,3.3,27.35,5.257356694,95.15481,2.48661,192,0.7918984,7.354410172,9.738794,14.58702,0.02,0.2471849,38.37153225,1.2709,25.1417685,36.311316741,29.274728302,0.08,6.3
"11","Singapore",0.911797820008574,29.95,100,-2.261071479,4.320151436,-4.28571428030434,14.02,112.6459144,112.636519186,1.02,4,100,358.0301,5.3,21.40433,3.285714286,97.2071931,18.8,0.0881294180640059,9.867089056,10.19173373,411.6176962,25.9031114,0,0.2,2.2,11900,10.32317,82,9.2,9.8,158.13,8.507764374,15,19.21,1.213150508,77.39491,1.32316,230,3.422649,2.935770035,4.554448,17.43929,0.067,1.0602678,2.792809886,2.09652,42.9298763,34.71643602,13.968075202,1.7,2.8
"12","Hong KongÂ ",0.909951869585351,29.95,100,3.235980613,5.695268539,2.96399699447299,33.1,114.2999007,223.953724581,1.56,6.1,100,458.3322,5.8,27.96901,41.1561268266667,94.77411774,18.8,0.0529220695405837,2.323673844,9.31379399,370.2199556,23.8598482,0,0.4,3.03333333333333,25700,-1.69577,74.56,21,16.3,239.3,0.169852563666667,4.2,39.67,3.71789524566667,75.39537,1.00286,128,21.13561,3.760329962,11.7388733333333,13.99258,0.025,0.1313263,0.385299726,0.74927,38.93415952,36.184792417,12.49966099,2.6,7.76666666666667
"13","Liechtenstein",0.907501190352732,29.0033333333333,100,-0.739740093,1.410849731,6.15384615384615,6.85,106.4587666,118.052357007333,1.58,6.3,100,108.052973333333,5.8,-1.16242373333333,43.125,48.29271242,12.3133333333333,0.0642524393710849,1.370024411,25.1893559466667,361.830401766667,21.8676730666667,0,0,2.66666666666667,52,-16.77083,95.21,39.4666666666667,19.8,104.32,0.145505915,2.9,30.5433333333333,3.608516567,89.0003133333333,20.60125,24,5.65003866666667,2.111560106,11.3539353333333,7.44361,0.0146666666666667,0.271701566666667,55.98071977,2.64380666666667,33.06161137,21.4117164426667,12.467426301,0.153333333333333,5.06666666666667
"14","Sweden",0.906816460156634,26.08,100,-2.336878496,5.518421481,4.1410175647238,14,103.8298247,138.058150661,1.46,6.7,100,82.65676,6.1,-0.8831089,69.237001031,31.74427191,1.5,0.0547303971028721,1.552129986,26.211759,419.5900083,22.1464987,0,0.7,2.4,5229,1.77553,92.52,46,16.2,127.84,0.252633899,4.2,32.65,0.322143905,86.89958,4.42096,67,-3.30291,6.819419861,9.710296,9.64567,0.016,0.2012968,70.53008497,3.40622,15.87601432,9.763459908,20.680986756,0.14,3
"15","United Kingdom",0.906698191736312,38.04,100,-1.613521067,7.085732086,10.8923784022108,-0.3,110.1768945,184.091482463,1.19,5,100,61.55657,2.6,1.803818,11.967924606,85.08723106,8.84,0.177352897213129,0.738208387,20.24009778,2372.688781,16.4313705,48.47947191,1,3.9,31200,16.31532,91.61,28.4,9.8,123.58,0.86791171,2.9,27.9,2.694623264,99.85564,1.56160333333333,147,-3.880322,6.033299923,9.117729,18.30825,0.147,0.0639142,14.37432102,1.72108,12.39245147,31.823671596,25.293225016,0.54,4.6
"16","Iceland",0.899412126842021,26.3,100,-0.457757463,5.896828979,264.367817389946,2.61,113.6425471,130.882674938,1.77,5.4,100,103.1194,6.7,3.057418,0.316209476,15.27250818,0.1,0.0869345190791848,0.833401726,24.33165173,13.32367403,15.0959443,0,0.3,1.6,800,-8.19415,98.16,42,21,111.08,0.001124076,3.3,34.76,5.428434008,91.29722314,2.08263,47,8.462746,7.359960079,9.058935,9.92804,0.002,1.145927,84.72752504,2.60487,10.43197232,27.428862278,22.257849129,0.27,2.1
"17","South Korea",0.89833413494607,31.0133333333333,100,6.526072967,11.84075687,-3.42170372123685,16.08,107.67,155.928845497,1.85,9.1,100,102.7863,18,0.9367723,63.778120185,82.80768545,12.27,0.124723753042838,2.702333911,14.92681447,1642.59033,29.6564918,9.194563011,0.9,3.2,12200,-1.71213,84.33,30.3,41.7,115.54,0.013174051,1.2,21.43,2.879727972,82.89788,0.80889,99,1.934659,4.86413002,7.172796,17.8745,0.544,0.4924902,17.15811066,4.03919,2.501324633,30.326868934,14.435655795,5.4,3.7
"18","Israel",0.894272980636247,42.78,100,1.539877449,8.952413531,16.3636363612518,-2.08,106.8314903,81.386302811,2.2,5.9,100,64.47582,2.3,4.0627,7.097966728,96.69218639,6.04,0.100935551542961,3.505246814,22.49005822,249.2549403,19.4684437,0,1.8,3.2,2962,-2.61299,71.45,43.7,9.8,121.45,0.230061181,-2,33.46,12.85759676,85.75881,1.05974,223,0.1812418,5.637189865,7.237709,12.50256,1.043,0.2632244,4.815703541,3.926270008,26.46883337,27.920695945,22.127312373,0.23,4
"19","Luxembourg",0.891851626668635,29.0033333333333,100,-2.114326209,20.8978117,2.96399699447299,2.65,108.0057702,163.941521062,1.27,8.9,100,371.4397,4.4,50.01655,33.494208494,87.35561187,12.3133333333333,0.099852288899549,4.991851788,17.28136089,47.65914024,17.0585651,0,0.8,1.6,945,-85.91619,94.67,39.4666666666667,13,148.37,0.04867392,9.7,28.24,2.225021549,100,5.59545666666667,122,-168.8638,5.285459916,7.096672,8.37204,0.001,3.024067,3.980732398,1.44066,43.25370489,30.045809774,25.530817075,0.42,2
"20","Japan",0.890593212589872,32.11,100,0.751121838,9.291834303,0.197766175646574,31.66,100.0416667,366.533033444,1.89,5.6,100,35.14246,10.1,0.0755157,68.566491113,94.78853059,12.3133333333333,0.132589731065785,1.912359665,20.5723682,4535.077113,21.7272269,32.12480611,0.3,2.1,10400,3.01704,90.58,18.5,26.9,120.23,0.016286005,0.6,22.97,0.293459213,86.44626,0.16174,51,-2.663063,3.849699974,10.29905,17.0901,0.296,0.0480501,5.211469635,3.38807,1.916863641,45.958312431,10.08687665,1.7,2.9
"21","Belgium",0.890262992237101,33.14,100,-1.235474144,8.849398302,2.07225934237526,5.41,107.6561463,111.234039388,1.68,6,100,164.1816,7.7,-0.6228033,22.453104359,70.09410307,33.95,0.0633068569164558,1.082642852,24.41504005,454.6038686,22.2750423,0,1.6,3.5,7684,6.63517,85,28.9,21,114.27,0.02580432,2.7,29.93,10.45827054,80.10136,13.48664,108,-10.00392,6.548860073,11.18614,11.20289,0.077,2.120064,28.26372474,2.23621,10.44444601,35.213435995,24.857084648,0.36,4.4
"22","France",0.888107436522597,31.69,100,-1.566449324,5.185410609,10.4089327790554,8.97,105.0137245,130.753985808,1.7,4.8,100,58.04824,6,0.2309128,29.311802703,49.1095992,14.79,0.0883864096597609,1.953636899,24.12495322,2453.251048,22.090546,0.951438376,1,3.5,84700,6.6414,83.75,30.5333333333333,19.3,100.36,0.014879949,2,31.8,3.89500861,80.47476,2.42521666666667,98,-3.59425,5.67538023,11.66171,17.81514,0.098,0.8315349,52.41154415,2.26264,11.57090977,24.63749388,21.38624496,0.46,4.2
"23","Austria",0.885027260021308,30.04,100,0.43641002,7.769983423,3.2557952775234,11.23,107.9506626,127.885599562,1.43,5.9,100,103.3815,5.4,3.644082,47.288524312,67.07715227,18.8,0.0528497601052286,0.672028333,19.82821038,376.0309686,22.1831756,0,0.9,3.2,24800,13.06128,81,29.1333333333333,18.2,151.91,0.180038016,3.5,48.3,2.746283105,100.00001,0.26172,98,-0.0428849,5.795760155,11.03413,10.82489,0.009,0.6561084,32.17653329,2.83639,15.70081499,23.719647996,18.267184644,0.42,3.9
"24","Finland",0.882727786825495,27.79,100,0.477135982,10.1640461,1.45752604961167,-3.07,107.8903288,104.864880973,1.6,6.2,100,77.32056,7.5,-1.981359,72.911250782,43.03976228,1.49,0.074720064093927,1.475300395,24.94126879,211.2973284,21.1814782,0,1.6,2.1,4226,4.40052,92.38,43.5,22.2,139.66,0.158079526,1.8,29.05,0.045135256,100,0.44827,58,0.7489355,6.761050224,9.399151,13.55949,0.007,0.3986714,47.50230415,3.54823,5.402682443,14.790695217,20.001105144,0.29,2.6
"25","Slovenia",0.880280840350184,24.87,100,-0.32720268,7.504259702,5.80808080295214,9.08,106.2947129,82.777139469,2.21,9.4,100,143.3718,4.4,-0.8724494,62.413108242,66.58565479,2.96,0.0164222716211886,-1.123990177,20.35019907,56.81950556,19.7174089,51.37552086,0.7,2.3,2259,-0.1351,71.59,41.1666666666667,20.8,112.08,0.313193887,2.1,25.16,8.357202003,96.86898,1.17471,66,-9.581476,5.680540085,9.159823,16.78039,0.118,1.429537,34.51116942,2.79952,11.25933097,10.414156814,17.541665438,0.97,2.9
"26","Spain",0.876124307433439,35.75,100,1.677077353,5.790764234,34.2347121077687,-3.34,107.2095415,205.079199871,2.01,8.4,100,59.70266,2.2,3.224387,37.139775461,75.88553837,28.57,0.0953560269802565,-2.932406746,19.46451566,1473.889627,18.52016,32.85642546,0.8,3.6,60700,1.40742,76.19,30.5333333333333,8.2,107.85,0.036363249,2.6,36.95,1.442600197,69.84413,2.85256,147,-5.837718,4.978519917,8.87926,12.60121,0.055,0.6879899,24.88700562,1.30142,13.7801481,20.071583385,7.078465974,0.57,4.2
"27","Italy",0.873022984102699,35.52,100,0.632018178,6.702557614,22.5830166462575,3.17,107.1577369,161.838441316,2.01,5,100,54.83345,1.9,0.6106765,31.634595771,83.7224112,24.7666666666667,0.067627165820866,-0.692237042,19.44624264,2044.263295,17.8274314,124.1868106,0.9,3,47700,1.56901,61.96,31.9,7.6,154.25,0.118984576,3,40.92,2.240151714,75.68227,0.66545,106,-0.2254688,4.294929981,9.090887,10.32595,0.068,0.347573,13.94140111,1.26572,9.380932964,32.756924568,22.374085076,0.43,3.6
"28","Czech Republic",0.870090820750014,26.39,100,0.140678042,10.43108813,1.26961662476566,4.39,106.8101029,66.974201348,2.27,10.7,100,148.6454,3.9,2.397992,34.455522465,76.85396676,12.92,0.0914237603925724,2.277289822,19.6263576,294.171297,24.9385991,0,1,2.9,9004,6.46124,79.71,58,21.5,130.03,0.231254816,3.8,36.24,4.17447788,99.80429,0.74861,154,-3.055583,4.507180214,7.243968,18.97433,1.349,1.087191,26.50510932,1.88148,4.043805211,14.497871246,13.449078792,0.35,3.6
"29","Greece",0.86518718080572,34.74,100,3.316240538,7.556057769,20.1394361937912,-4.03,103.9151459,134.294390423,2.55,11.2,100,63.4199,1.3,1.215958,30.747866563,90.57958761,13.79,0.146384924097212,-6.464842035,19.99144915,270.7278879,11.2103838,36.59245309,1.7,3.7,17900,-0.77264,63.21,30.4666666666667,6.3,114.96,0.078849525,0.9,43.8,1.105954561,63.15,5.58273,111,1.659568,4.091110229,9.821956,9.19747,0.094,0.332226,8.830121422,0.69038,8.880714307,19.024699025,22.409940063,0.69,4.4
"30","Estonia",0.860835015350877,32.69,100,0.414732113,14.04988252,5.07177033761637,33.31,112.1508859,71.600102461,2.76,7.4,100,171.3029,3.8,3.876924,51.804670913,88.1469609,14.02,0.163770230676162,2.839407379,19.10821397,33.29018418,27.3122612,0,5,2.7,2868,-3.54288,84.24,31.3333333333333,24.9,160.69,1.107561886,0,32.61,4.952708207,100,3.02146,238,0.3438215,5.156990051,5.723605,11.54548,0.352,1.724318,14.59279722,2.18191,16.31259172,8.943229634,16.250754108,2.8,3.4
"31","Brunei",0.855615864663717,29.0033333333333,100,-3.083944113,23.96785089,-8.86198546984081,5.13,102.8821973,20.795000238,2.95,4.7,76.2,108.6414,5.2,5.555164,71.423149905,99.99556393,12.3133333333333,0.0642524393710849,1.053423627,18.31458946,29.02520039,15.3122628,0,2,8.4,225,-38.33973,68.77,39.4666666666667,7.7,110.06,29.785957336,0.8,14.98,3.78381298633333,65.87,3.63081,122,-1.018906,3.765949965,2.524611,10.15195,0.001,1.0602678,0.004488255,1.06344666633333,49.34918522,20.8109538533333,13.9908304176667,3,9.9
"32","Cyprus",0.849745435104918,28.5333333333333,100,2.897486249,6.736166081,7.57914335591803,7.47,105.3347412,335.815604986,2,12.7,100,86.6722,1.5,2.770419,18.756493506,94.89409483,17.63,0.123879163775895,0.468085106,19.70226167,23.77287188,18.4196965,0,2,2.8,2405,-61.04746,69.33,41.1666666666667,7.7,96.34,0.003757694,6.2,22.86,11.39887176,78.7048,4.73259,106,-71.88432,7.242579937,7.365529,13.77462,0.01,0.3782846,5.105820709,0.46726,18.16676978,26.495479622,25.491247277,0.2,3.6
"33","Qatar",0.849768364568487,29.95,100,-1.458735669,43.89303638,2.96399699447299,16.99,107.0699038,73.854542077,1.75,6.3,97.7,97.45603,1.2,-0.4135036,0,100,374.1,0.52409786409879,10.06913631,12.86845544,276.6406968,21.4018289333333,0,1.1,7,2611,16.60128,91.49,38.3,5.7,145.76,17.364888806,48.8,77.39,0.075308091,60.46305,2.26042,60,11.40157,2.448339939,2.187261,9.92245,0.017,0.2826261,0,1.06344666633333,73.82187172,40.241332828,14.654950961,0.17,8.2
"34","Andorra",0.844641908378314,29.0033333333333,100,0.00701187799999997,6.310640211,2.93751689639521e-09,0.71,106.4587666,118.052357007333,1.58,6.3,100,108.052973333333,6.46666666666667,-1.16242373333333,34.042553191,48.29271242,12.3133333333333,0.0642524393710849,1.370024411,25.1893559466667,361.830401766667,21.8676730666667,0,1.3,2.2,2335,-182.34201,95.9,39.4666666666667,19.8,82.64,0.145505915,2.9,36.97,3.608516567,49.40111,6.11862333333333,38,-4.18596483333333,3.088160038,8.073646,9.33028,0.005,0.252640533333333,40.888196952,3.11335666666667,56.91383271,29.962634517,20.6811726316667,0.91,3
"35","Slovakia",0.843572119093826,26.58,100,0.414732113,6.367545917,0.618234412790319,15.39,109.1745662,53.066741714,2.6,9.2,100,181.3689,2.5,2.198677,40.205456663,67.51150673,1.37,0.163628552200719,2.418403115,18.05663967,142.1922509,20.4440043,0,1.4,6,6235,-10.93904,79.98,27.9,18.5,116.94,0.468660879,0.6,30,9.126450539,99.30794,2.04721,187,-10.80162,4.057260036,8.213588,14.94005,0.23,2.120361,32.31149531,0.82315,2.745483992,10.29738593,12.171470546,0.63,7.2
"36","Poland",0.842677827910993,32.78,100,-0.359477765,8.335786706,5.77577870971637,33.36,109.0833333,65.768760544,2.65,7,100,90.32973,3.8,-0.8720853,30.670106459,90.68365019,19.4,0.137784128021175,2.05200125,18.14383665,881.4760216,18.8208311,0,1.2,4.5,15800,0.24838,66.6,35,30.5,156.45,0.954256684,-0.2,21.99,13.18289451,82.29742,1.46771,217,-0.0328981,4.942180157,6.663034,10.18568,1.421,1.328095,9.552269556,0.89972,1.736822198,13.408195975,15.98390736,1.8,5.2
"37","Lithuania",0.839421883128433,32.63,100,0.414732113,4.537558514,11.8667495012891,-8.07,108.5,51.04501961,3.5,5.5,100,155.7439,8.4,1.551068,34.712959122,74.04694221,9.53,0.124680770404629,-2.954438321,18.74671402,72.3735333,17.4482241,0,6.7,4,2012,-4.9989,72.13,37.6,51,147.04,0.367048442,-1.9,41.16,4.831083643,91.41517,2.50047,329,3.144038,5.172679901,6.237117,12.43042,0.22,4.484069,14.48771072,0.90166,4.898385214,9.034585425,13.377849172,3,4.9
"38","Malta",0.838978340089051,28.5333333333333,100,3.318951129,6.034321639,0,27.22,106.6518099,146.69677526,2.59,8.6,100,182.5057,0.7,-19.37838,0.9375,94.51428078,7.94,0.226573229345438,0.903211418,20.20054095,12.2023425,14.3367355,0,2.8,5.3,1582,-6.26895,73.17,16,11.1,126.98,0.182337587333333,2.1,34.95,7.97685054766667,73.29106,5.53651,145,52.73935,7.963749886,8.703942,11.45141,0.006,0.3513015,5.485719217,0.84241,8.031393647,33.138902938,27.019901923,0.37,6.1
"39","Saudi Arabia",0.837273977255894,29.0033333333333,100,2.86598702,18.74082287,0,7.25,112.6951565,-7.876052716,2.89,3.8,97.7,82.42468,0.2,1.24226,0.454484135,99.99760143,943.3,0.284272279165943,9.210470957,22.13920617,1501.060624,23.2028806,36.94854827,0.8,13.4,13400,-0.8407,63.7,39.4666666666667,0.6,179.56,20.64112626,2.1,7.67,4.298975873,66.50885,1.31228,162,0.3087323,5.13781023,3.164587,10.39186,0.6,0.0359107,0.002398032,0.07338,31.42833209,18.656620729,9.94608030466667,3.9,15.5
"40","Argentina",0.835572018229568,43.57,100,0.978276676,4.665868631,-16.8786824764335,21.05,110.448558066667,33.26890643,3.26666666666667,6.33333333333333,99.8,29.34839,4.1,1.867905,10.567656549,89.66696697,4.3,0.375609703713864,5.07691493,15.50611267,192.636330233333,17.0225753,17.90567657,5.5,11.9,5571,-5.78899333333333,64.7,31.3333333333333,17.2,158.74,3.060038716,-0.5,31.55,1.681961183,56.94,2.90276,147,-1.693756,5.137589931,7.254919,16.33135,0.388,0.0872967,9.295287965,0.64696,4.549695526,8.89529295633333,14.4833609793333,1.3,13.3
"41","United Arab Emirates",0.835469039773073,29.0033333333333,100,-3.771636299,19.99797997,30.3755101805163,28.78,102.6644428,76.453999925,1.58,6.3,97.7,176.0669,1.7,2.606738,3.820813397,48.29271242,1867,0.23217171334853,4.227448279,6.84261035,525.1324733,21.9681455,0,0.7,7,7126,38.20163,90.4,39.4666666666667,3.9,178.06,11.688703531,11.4,19.3,1.875463572,64.3,8.04099,238,5.65003866666667,6.00911665,3.200764,16.06864,0.088,0.271701566666667,0.083458492,0.48911,83.74569835,21.4117164426667,0.355057935,0.1,8.2
"42","Chile",0.832178477211409,50.84,99,1.880778148,4.58786833,6.83482932730057,37.64,108.3544928,115.484874957,2.62,7.4,99.6,65.45889,5.8,7.308171,21.930730621,75.64296907,3.83,0.337591369303057,4.153329321,12.38565479,382.5948954,23.6091046,4832.268884,3.1,7.1,3576,-0.50562,72.35,35.7,19,133.26,8.316859685,0.3,10.24,1.147735835,74.77146,1.33246,266,-5.186472,4.553850174,7.730832,21.15991,0.598,0.0001082,24.1646402,0.41722,2.260258797,30.360631477,19.045658962,1.2,8.2
"43","Portugal",0.83009529677395,30.6633333333333,100,3.230429058,4.709849624,4.00350248743893,0.29,106.8199896,183.27156908,2.47,9,100,77.53988,3.5,3.467122,37.816355497,74.91724082,10.1,0.110965715099292,-1.944355291,18.95179627,267.7253099,15.1409601,0.79422253,1.2,3.1,8097,1.35202,64.59,38,13.6,111.8,0.077738158,1.9,34.23,2.32020344,47.95549,2.33212333333333,136,-0.2149885,5.272130013,9.709223,11.73422,0.032,1.923409,21.98440977,1.49533,8.42603559,22.15593652,20.341406305,1.3,3.8
"44","Hungary",0.828350453189915,28.94,100,-1.06227674,4.862989931,12.8525060056887,0.42,111.7853974,64.69274759,2.43,5.8,100,169.9286,7.4,-3.224301,22.6157075,71.12797344,5.37,0.20886590451666,3.234748646,19.8947513,226.7846956,19.9329772,0,1.3,5.2,10700,3.3921,76.13,30.4666666666667,32.4,118.05,0.427221362,1.5,29.6,17.11581302,98.28557,1.9277,186,-2.383312,4.712250233,8.047233,10.48051,1.208,3.241818,25.95742962,1.29664,4.749380232,15.939275271,22.868348232,0.73,6.1
"45","Bahrain",0.823921956812207,29.0033333333333,100,1.295431545,18.13127841,154.210526631737,47.27,105.6452213,78.593917827,2.24,18.5,97.7,122.1617,2.9,3.006465,0.736842105,99.89143591,12.3133333333333,0.264862602546522,10.71694033,14.41489118,56.54303686,19.2478142,0,0.5,5.2,9163,-4.67038,91,39.4666666666667,11.6,173.27,9.713958659,3.4,9.13,3.608516567,54.9,2.19257,275,-10.44743,2.679059982,4.874988,11.76839,0.285,0.862531666666667,0,2.11521666666667,54.74950288,0.669771525,1.103893772,0.34,6.1
"46","Latvia",0.818766009538997,36.03,100,0.414732113,3.786801437,6.44005888839896,13.89,106.7099567,58.567094316,2.86,7.9,100,121.5114,4.3,2.845265,54.306851078,63.68715109,15.14,0.166647312115571,-11.01495601,15.49680565,43.94125801,22.2077449,0,4.7,7.4,1536,-2.94155,75.83,26.8333333333333,30.7,124.2,0.981649935,-1,28.78,1.827870384,98.93101,9.71279,304,-0.6312044,4.934820175,5.712866,11.01496,0.232,2.462795,33.84129734,0.65851,13.79723233,8.70806381,13.821479658,2.6,8.4
"47","Croatia",0.817539869013173,33.61,97.6666666666667,0.414732113,4.801530011,4.05829261402491,-2.83,108.0833333,94.114528905,3.16,2.7,100,85.42414,4.5,1.016744,34.431736955,81.59593959,0.6,0.14888974299879,0.527955554,20.03665167,85.32247465,19.3048298,0,1.2,3.8,11000,-5.21969,68.57,26.1666666666667,19.8,104.43,1.561552346,-0.9,28.42,17.51373102,89.05356,0.56046,108,-5.698811,4.206639767,7.303316,13.67519,40.189,2.586122,10.56037134,0.75164,17.64639787,7.94347244,19.57715941,1.4,4.5
"48","Kuwait",0.816271767577342,29.0033333333333,100,-0.437188097,29.13222464,86.5714284405061,137.76,111.1876076,47.877955765,2.6,3.7,97.7,98.1076,0.8,1.048379,0.3664422,100,12.3133333333333,0.387314383182657,14.95587843,16.69808634,267.7037781,17.9769014,0,0.4,8.1,300,4.27040666666667,78.7,39.4666666666667,1,218.43,25.090621207,18.3,17.93,0.571024514,56.03273,5.92846,137,20.52471,3.760010004,2.887513,8.60512,0.99,0.0023299,0,0.094939999,60.2051255,0.588661037,0.716319146,0.94,9.5
"49","Montenegro",0.802201006809793,30.63,99,1.495079444,4.145547583,4.9539705671009e-09,-21.97,109.1027397,61.003598321,5.58,9.1,100,103.8646,6.4,10.11055,40.371747212,60.19394832,12.4866666666667,0.171092216950908,1.36384672,19.84297328,8.793527066,19.1957084,0,2.7,4.9,1324,-2.28361666666667,61,37.9333333333333,24.7,163.03,15.2035712546667,-0.8,19.79,8.009565697,89.21613,19.5014,208,-11.0277,5.42001334833333,6.48702,20.1664333333333,0.539,9.58766,28.41315707,0.40864,8.160506483,38.5699934426667,29.9122176903333,0.19,5.3
"50","Belarus",0.79836651789255,26.46,100,1.495079444,6.682510398,11.884267973554,20.47,288.6468125,39.942944904,5.29,6,100,125.1991,6.4,3.13222,42.913607018,90.3702399,12.8766666666667,0.150727080975607,-2.604228782,14.17670122,161.4384492,36.9408479,0,5.1,3.7,137,-3.97693,59.02,27.4333333333333,32.7,122.5,1.50227654,-0.2,37.56,4.707380287,89.31927,1.33186,335,-2.684163,5.121059895,6.067956,15.36216,4.424,1.692244,5.880189701,0.7006,11.6002282,3.453266576,15.140210708,6,4.9
"51","Russia",0.797870200857615,39.69,100,0.414732113,12.64732823,0.112034850070941,-3.1,121.634714,48.287102297,4.3,5.2,100,50.85843,6.2,3.369634,49.411761832,91.02143331,12.1433333333333,0.275847763020512,0.500000005,19.54526457,3381.460583,21.4729018,10.07673858,9.2,8.6,30800,1.167,70.52,24.3333333333333,35.1,155.14,11.766118586,1.5,43.09,3.066265131,90.88943,3.40296,475,1.290996,4.101749897,6.547179,19.59062,74.954,0.3219613,9.198517206,1.11802,7.734914695,1.900396289,15.055674849,13,10.1
"52","Oman",0.793019477069215,29.0033333333333,100,14.47818926,21.44112651,0,5.81,108.4330591,35.745224578,3.28,9.2,97.7,98.57472,0.6,2.041126,0.006462036,100,12.3133333333333,0.27534501612498,9.998702029,19.18973612,147.5806,22.267826,0,1.1,9.8,1551,-11.84525,70.22,39.4666666666667,1.2,157.75,25.654798687,59.2,22.23,5.781896228,53.87018,6.43695,61,-0.5516817,4.200369835,2.598879,19.90897,0.026,0.0489753,0,0.132489994,30.6138787,2.625672582,2.574359766,0.92,11.4
"53","Romania",0.792797419961585,27.33,97.6666666666667,-1.099266257,4.210560124,4.00945187025037,-7.53,113.671108,51.974916014,3.7,4.3,100,84.52543,2.9,2.166231,28.892270237,77.66806279,3.25,0.333006004173522,2.330802013,6.20503882,363.3432065,23.484012,26.50377096,1.7,10.5,8019,-1.42904,54.08,28.5,18.4,105.91,1.507516344,-0.4,23.86,13.48939393,88.9144,5.95006,155,-6.010926,3.07336998,5.33907,17.56015,2.321,1.855112,22.76655523,0.48898,0.91636851,18.388426918,18.838970327,5.6,12
"54","Uruguay",0.792762976854943,41.32,100,0.378659219,2.297642136,99.3043478347222,31.42,126.8667402,36.295921046,3.14,6.4,99.5,51.27809,5.2,5.006598,10.476516969,57.01283323,12.8766666666667,0.312820491776244,4.199734675,13.84649868,64.61771282,22.9117829,296.9159753,7.9,9.5,2683,-2.74004333333333,61.46,27.4333333333333,20,160.8,1.562903844,-1.8,37.36,5.666597365,52.46094,5.25636,281,-9.974709,4.422180176,8.752842,13.79403,0.146,0.220342,42.111563,0.43051,2.158105723,18.374148136,19.296583403,1.5,11.1
"55","Bahamas",0.789958059512219,30.7466666666667,97.6666666666667,-3.397831439,5.205237886,-1.94367855144151e-09,-29.42,105.6243584,104.86935867,1.62,5.4,100,97.73016,1.3,4.53981,51.448551449,79.8069921966667,15.14,0.297899287603954,3.656194012,16.05748219,8.497705899,26.2730404,0,29.8,10.4,1364,-7.50723,76.92,26.8333333333333,3.6,71.44,0.045190908,5.2,28.18,4.10851713066667,80.9357066666667,10.5001,444,-4.135451,4.84322675066667,7.263478,14.1453,0.21,2.38906866666667,30.14685702,0.66356,16.25522691,12.2929393453333,15.532850712,0.37,12.9
"56","Kazakhstan",0.787982452162327,28.56,100,0.414732113,15.81009754,-3.6294564838205,55.58,120.5365732,39.080285789,3.26666666666667,6.33333333333333,100,64.94554,9.3,4.199878,1.221543134,98.9442786,18.43,0.267227653823954,1.699999998,10.30288648,382.7771613,21.1844653,55.33767285,7.8,14.6,4926,-5.1398,54.89,31.3333333333333,40.6,168.62,17.245281935,0,35.83,23.53101382,99.34056,0.72375,295,-0.7884321,3.060719967,4.255974,16.48238,2.171,0.0893783,0.968619019,0.15723,21.14421591,9.179751775,15.7965865023333,7.8,16.3
"57","Barbados",0.785458412902638,44.77,97.3333333333333,3.70657025,5.556376063,-2.57177057427782e-08,-11.61,116.4568031,106.732842651,2.39,5.4,90.9,96.8129,0.6,12.20436,19.441860465,66.8977096233333,87.5,0.357040191311004,2.67508996233333,16.14731884,4.332917507,18.4199227,0,7.4,13.3,509,3.85637,76.67,30,4.1,106.78,0.838819657,1.4,18.11,18.2378864956667,88.67,6.62534,521,-9.642315,5.610380173,6.780835,13.08663,0.067,1.846512,8.337838201,0.269913333333333,11.34048144,31.64253784,25.249360613,0.69,14.4
"58","Antigua and Barbuda",0.783367264384529,41.9466666666667,99.3333333333333,-0.622743002,5.823804338,-4.85436893456875,-23.23,108.0834972,90.016689425,2.63,8.56666666666667,90.9,103.5395,4.56666666666667,11.18527,22.272727273,66.9202846533333,8.46,0.259417903459767,3.42719982733333,18.47613929,1.831490875,23.2167195,0,11.2,7.7,244,-19.02902,64,46.9,15.0333333333333,120.02,9.43257224566667,-0.1,23.7766666666667,15.1555873516667,81.7767566666667,8.67793,403,-11.62851,2.554709911,4.866675,13.84503,0.049,1.759751,11.0162706173333,1.53913666933333,31.93087737,11.954840705,18.57519236,1.4,9.3
"59","Bulgaria",0.781675314080213,34.28,100,-0.230997039,6.71438251,23.6664960017415,-1.92,108.2542145,71.078605728,3.19,5.9,100,137.3657,5.3,3.464894,37.190493736,75.03975955,28.73,0.211593763716991,2.803074934,16.50763779,114.0261092,21.3103857,0,1.9,10.1,6898,-4.58904,55.49,27.4333333333333,16.6,137.71,0.911303148,-1.4,38.12,7.819417614,94.30368,3.06135,151,-2.015277,3.820930004,7.626268,17.41818,1.878,3.059771,29.35964705,0.63924,1.164359182,14.623783189,18.957275821,2,11.6
"60","Palau",0.780181064654573,38.6666666666667,97.3333333333333,-0.273601958,10.85543046,-11.299915540551,44.63,117.166424833333,70.8609617593333,4.90666666666667,7.96666666666667,59.3,137.2439,3.46666666666667,2.307287,87.608695652,74.65682439,24.4133333333333,0.359146798997652,6.824763186,15.88481534,0.305648279,21.2267979666667,0,3.1,15.1,105,-3.13690666666667,54.9666666666667,21.1,13.5666666666667,90.6,7.04774076033333,0.5,13.81,18.5281241823333,64.6197566666667,5.19740666666667,295,1.13906933333333,6.315153281,9.887833,21.3128133333333,0.001,0.678576533333333,9.43090752533333,0.433166666666667,26.72339612,36.952340248,26.0315965966667,4.4,17.5
"61","Panama",0.779677597089816,51.9,97.6666666666667,1.894181178,2.5843538,-14.8892405095521,-5.8,116.415564,67.600924384,2.95,2.1,90.9,154.7536,1.3,11.84859,43.414043584,79.70988459,0.74,0.453917873083758,-1.712434771,9.99546846,72.62086671,26.506302,35.37573251,17.2,15.4,1658,-2.74004333333333,44.92,27.4333333333333,8.1,158.05,0.217225805,1.5,15.54,4.128047267,51.98974,8.39036,411,-11.13672,3.29343009,7.21292,25.48506,0.105,1.059602,20.15453963,0.19519,4.099638473,17.810200342,15.922047187,4.9,17.9
"62","Malaysia",0.779245823894088,46.21,97.3333333333333,5.871119803,7.847738104,-9.3564533482797,37.21,107.1166667,142.61207573,2.91,4.3,100,154.0829,1.5,3.698655,61.733069548,94.47991174,1.93,0.209,6.308375903,13.55006876,671.2875607,26.85762,103.4765827,2.3,7.2,25700,-0.21195,67.5,37.5666666666667,4.7,148.83,8.059532404,3.1,11.98,1.242853564,68.22,0.88035,132,0.6855851,5.940680027,4.027421,12.13758,0.481,0.4457442,5.479303009,1.06529,8.308967622,52.040767248,16.098837518,5.4,8.5
"63","Mauritius",0.776552444424174,35.9,97.3333333333333,5.448620232,3.127070817,-9.69072163632373,49.3,114.5552413,122.37583078,4.9,11.7,100,120.8154,2.9,2.167676,17.261083744,76.6990911766667,12.8766666666667,0.418769431789444,0.69999981,14.40304947,21.58059136,21.1939011,0,2.8,12.5,993,-11.64556,41.44,27.4333333333333,13.2,132.25,0.003379431,0,10.57,10.1946186446667,53.56978,4.19319,202,-34.06822,3.6738801,4.821519,19.79263,0.085,0.0049052,10.250697793,0.37229,3.615950781,17.947428644,18.990475083,0.97,14.3
"64","Seychelles",0.772459367466339,65.77,97.3333333333333,8.485699417,6.835706362,0,32.75,114.6243636,35.178077087,6.65,7.2,100,164.0275,3.5,12.30531,88.47826087,75.5146260133333,8.76,0.18456530003342,6.908474837,25.5840881,2.122207018,33.5986943,0,9.5,12.2,230,-198.31933,54.26,43.7666666666667,20.1666666666667,162.19,0.120837949,-3.4,15.13,3.66293702666667,82.62227,15.12106,709,-11.83634,3.627640009,4.032539,12.55556,0.026,0.8919771,18.718489579,0.30209,13.01083608,27.877762286,31.209261503,1.8,14.2
"65","Trinidad and Tobago",0.771893819240646,28.5333333333333,97,4.496099243,37.18763962,-6.53926048452387,5.54,120.812086,33.740874392,4.04,16.5,99.8,103.1528,6.2,6.95025,43.851851852,99.93253108,8.76,0.371436093484264,-0.597660224,9.50726523,39.52285223,9.7485838,0,28.3,19,434,-27.8252,65.1,41.1666666666667,20.4,147.34,29.31533432,-2.2,11.75,8.23626065666667,59.31815,10.61263,281,-27.0406581666667,6.02670335766667,5.29355,17.57943,0.336,0.5324638,0.067468916,0.04348,2.422396881,49.597348043,28.258357597,2.1,21.3
"66","Serbia",0.771149777471976,29.65,99,2.709606612,6.799114997,21.3921314137705,-1.82,128.4622384,49.525444127,3.96,8.5,100,92.69195,5.8,4.337332,32.103818889,89.08806084,2.54,0.175585707428896,2.12571896,19.55793478,92.36354531,21.1675582,15.16899702,1.2,5.8,922,-1.23418,53.5,26.2,19.9,122.13,3.911233127,-2.1,21.14,18.5369546,65.6302,0.78248,142,-9.244542,0.060529999,10.59735,15.15704,48.786,8.837068,11.05965253,0.9868,5.598619043,7.59578147,19.721392851,1.5,6.6
"67","Cuba",0.769011135126391,47.0833333333333,100,1.287815574,3.185683146,44.1063718365425,308.52,110.494156,81.3422463933333,3.38,6,100,39.09598,4.5,4.87929196666667,27.613679068,86.7186097,18.26,0.355911775219899,2.715648976,37.86710322,211.9468631,12.1560213,665.9485732,4.2,5,2829,4.12952,30,46.9,18.5,22.48,3.6305722,-2.5,67.23,16.97609076,76.53,4.20672,510,-8.10657966666667,12.83726978,8.810774,9.06109,6.509,2.727936,13.28139924,0.41934,0.143596066,17.4125174916667,20.7016633403333,0.33,6.2
"68","Lebanon",0.768897837279365,37.6766666666667,100,3.316924672,4.674540418,4.62595416127545,56.97,111.8819224,187.607305404,3.18333333333333,5.43333333333333,100,138.6929,0.6,6.829242,13.397849462,95.52014106,24.34,0.384790711923667,23.17665965,14.72341449,74.26113575,27.875186,0,2.2,7.8,1274,6.88766,74.7,27.4333333333333,1.2,88.35,0,21.3,32,1.228701222,54.15014,6.71228,118,-6.546601,2.572679996,7.174523,12.04695,4.238,17.72973,3.342120984,0.42791,17.62186044,19.012183983,15.483579865,1.5,9.1
"69","Costa Rica",0.765746904700121,48.61,100,2.881564228,1.655602109,3.37753510973324,239.34,115.3331981,56.469478377,3.24,7.6,99.5,73.88747,2.2,6.518283,51.911476694,48.26391813,2.08,0.349238580683672,3.850980339,17.93139451,65.43681041,20.9719865,0,8.5,8.4,2428,-0.05976,49.41,60,11.2,143.83,0.763435969,2.7,11.13,1.337190054,50.59686,12.27982,314,-9.706444,6.866449833,9.868729,16.42801,0.463,1.201907,51.80445878,0.47641,8.611611345,15.071303606,13.641601406,0.8,9.6
"70","Iran",0.765590711027114,38.28,99,2.888831653,7.777322503,0,22.85,213.9536482,18.013799858,4.47,13,100,53.71718,3.6,0.8267577,6.800528077,99.51631123,12.8766666666667,0.514622126737405,-4.330164801,11.17889894,1168.681422,25.7575748,9.104759852,4.1,14.4,4769,-0.98436,39.35,27.4333333333333,6.7,87.79,17.628100395,-0.8,8.9,25.10922472,65.07835,3.82423,284,0.861679333333333,3.679909945,6.688835,25.65459,76.422,0.2516494,0.686866501,0.7488,3.421062472,19.347679384,8.448795853,2.9,16.8
"71","Venezuela",0.762252400296525,44.77,81,-0.266530597,6.400457516,-12.1596893898207,0.57,214.6947406,52.468478716,4.52,12.8,100,50.40357,1,1.606266,51.810895074,88.85243796,1.71,0.475898793912481,3.342717649,12.19195867,535.5755048,20.310255,12.81110733,53.7,12.9,986,-0.50395,57,27.4333333333333,4.3,98.95,10.01873523,0.3,19.39,1.871314101,53.67144,4.87667,161,-1.247882,6.874670029,3.445115,17.5673466666667,8.419,0.0309479,11.1780688,0.42791,3.852402649,21.464142578,15.513728915,2.4,14.9
"72","Turkey",0.76112029344145,40.04,94,4.201025103,4.391547759,19.541322328765,7.57,124.6263079,84.293838955,3.79,12.9,100,57.85201,4.2,1.559719,15.035276691,89.50950558,12.1433333333333,0.358838354978917,6.189500501,15.05241995,1398.252884,20.3214746,45.45508614,2.6,16.5,37800,0.18938,51.04,19.7,11.8,94.79,0.327907592,0.9,17.11,5.494165807,49.38733,9.97535,179,-4.074148,2.862469912,5.59013,20.13204,65.9,0.1380552,10.27687166,0.85952,2.488753866,17.589139912,20.377342743,0.52,19.2
"73","Sri Lanka",0.756658910948357,36.4,97,3.051562374,0.72992084,-22.0936170253713,30.34,122.69845,48.430824241,6.88,8.3,88.7,54.4737,12.8,1.362821,29.194705789,48.65767072,24.53,0.369751851695573,5.51603088,13.11169063,193.0673788,29.2447085,5767.024715,3.4,8.2,1275,-5.10911,25.8,38.4,46.4,103.16,0.402924189,-3,6.8,21.06065205,74.02556,3.42509,132,-4.40052,1.72397995,3.244492,24.4299,123.027,9.559383,51.34233888,0.15664,1.5276337,16.180090453,11.993201573,1.1,9.6
"74","Mexico",0.756207911551713,48.07,93,1.942618956,3.908712496,-8.25055838844388,15.51,111.7569034,49.519823512,3.74,4.7,99.1,64.15951,1.7,3.338323,33.175544638,90.10370985,17.21,0.372811210264899,1.137379288,11.8729031,1992.894187,21.0499383,319.1137558,21.5,12.5,24200,-0.57867,44.39,46.7,7.1,82.54,6.391839981,-2,20.95,3.835616876,57.98388,4.24733,210,-5.983051,5.14620018,6.237916,28.01636,9.401,1.825855,9.855558511,0.42869,0.902017788,21.9163045923333,16.4619295786667,1.8,14.5
"75","Brazil",0.755291955805556,52.67,93,2.702940361,2.231257237,-10.3865256207412,58.73,119.3673758,110.108414361,2.61,4.4,99.5,27.5911,2.5,3.599945,61.632516325,54.56668309,0.86,0.45686587422578,1.974289847,21.97252114,2916.284287,18.1830472,52.77375334,25.2,12.3,5813,-0.20734,57.6,38.8,9.4,138.95,3.84130758,-0.2,18.91,7.858502737,53.59817,19.37534,274,-4.149318,5.822249889,9.66039,20.51712,1.002,0.1129779,44.2481259,1.20964,0.299297384,26.512472725,15.421630323,2.5,13.7
"76","Georgia",0.75411864105962,41.35,100,3.56373889466667,1.769150524,-1.50485785135851,93.81,106.9685008,42.906127363,6.45333333333333,7.5,100,102.3306,1,5.925159,39.389552454,72.80037418,2.88,0.381596771038713,8.28850777433333,16.6820472,31.09760348,21.9489833,136.5315422,4.3,11.7,5392,-5.75187,48.9,9.1,5.7,124.94,0.66357442,-5.8,42.36,1.913552467,54.7573433333333,0.17955,225,-4.910562,1.983309984,9.432717,9.09457,6.835,12.05254,28.29928347,0.17658,4.374512629,35.241279646,24.118284957,4.5,13.1
"77","Saint Kitts and Nevis",0.751862282032841,30.9966666666667,97.6666666666667,7.281411532,5.053538729,-4.72727412770269e-09,-4.21,109.3671115,65.908150239,2.86,6.33333333333333,90.9,87.68176,2.83333333333333,14.46589,42.307692308,83.1925108833333,51.25,0.253562370362015,0.525454464333333,19.22478643,1.122260759,28.7327596,0,33.6,7.8,107,-57.85797,65.4,27.0333333333333,27.8,139.81,1.34894343966667,-1,11.67,4.06728267866667,80.2370733333333,7.1777,714,-14.02427,4.225759983,6.27812,14.51688,0.015,6.733531,27.277683347,0.487103333333333,10.46852798,9.79660609,20.190430677,2.5,10.2
"78","Azerbaijan",0.751139173537414,33.03,94,1.495079444,3.647379147,0.667811936154461,28.48,111.584763,25.493235206,3.18333333333333,5.43333333333333,100,75.59377,1,3.56093,11.323767814,97.86252765,34.52,0.303000336507894,2.199999701,11.21798982,156.2547565,24.5706849,76.87212469,2.1,29.9,2130,-6.58375,61,15,2.4,110.91,25.969768023,0,34.32,3.836667227,95.46668,1.81357,413,-2.528612,2.435640097,5.579734,11.92302,10.914,2.356113,2.600981728,0.21084,3.440226825,13.592310312,12.955829243,4.2,34.2
"79","Grenada",0.74999317959942,38.6666666666667,97.3333333333333,5.440902645,2.408045758,-1.00058850094342e-08,15.33,105.4707113,80.030032615,3.35,7.96666666666667,90.9,75.75223,3.46666666666667,8.938494,49.970588235,74.65682439,7.05,0.359146798997652,6.824763186,16.8113622,1.193647527,20.0787156,0,13.3,10.7,116,54.10375,37.38,21.1,3.56666666666667,126.53,8.25739443566667,-8.1,6.63,25.041120066,54.2009766666667,5.82797333333333,424,-10.6466,4.270226558,6.338721,16.05523,0.33,3.547934,11.600861328,0.25696,10.73401513,16.897940913,18.669416948,0.99,11.8
"80","Jordan",0.748328541875565,33.69,99,4.109045125,3.601147064,-0.608245107587502,51.91,115.370623,111.860451963,4.5,6.1,99.5,113.7838,1.9,5.340056,1.09822032,95.9918514,92.44,0.473382155320636,-11.39571513,19.65322914,73.67461303,27.22237,0,2,16,3945,3.67022,44,23,2.2,147.8,0.920974547,11.3,25.58,22.01130952,74.11,2.10094,95,-10.03431,4.773786545,7.22403,19.93241,1.633,10.81603,1.997031829,0.4347,40.22354756,13.618107354,15.257585849,0.53,18.7
"81","Macedonia",0.747252859936566,44.2,100,2.709606612,4.437580862,11.3581882794236,17.93,110.3393379,52.378373947,5.08,7.9,100,126.6503,3.2,4.055383,39.936558287,82.14660415,16.06,0.163635458513725,-3.554404109,17.52832929,24.46193184,24.8154499,0,1.4,5.8,400,-5.2339,68.06,38.4,7.3,109.1,2.651339665,-0.5,26.24,7.106265579,45.1185233333333,2.50694,122,-1.614253,3.178513368,6.444246,15.15012,1.759,3.688485,10.43938319,0.21793,6.632203186,10.674693543,16.705964725,0.82,6.6
"82","Ukraine",0.747005221412579,24.82,100,2.01561636666667,6.262351962,5.21355686846123,21.33,108.2599837,95.671762517,5.23,3.9,100,102.2427,5.3,2.541275,16.842159774,79.63188173,13.78,0.286440560310559,2.2,19.3599559,387.0261895,18.1682843,7.076657329,4.3,8.6,24700,0.45412,43.4,18.3,30.3,144.08,4.598568346,-0.2,35.31,6.225041002,93.55,0.64571,305,-7.251269,6.661180019,7.771187,16.48785,6.343,5.448327,20.71150765,0.73662,11.38707797,11.80775024,18.231276369,13,10
"83","Algeria",0.735623767134645,38.8166666666667,99,3.762173496,3.22420156,-11.5536891559549,3.73,117.5218381,3.012285739,5.11,5.5,100,63.42136,1.5,0.8037201,0.619043221,99.88756809,24.4133333333333,0.413117859270844,80.44933374,18.90485754,505.5089905,33.7992801,11.95267392,0.7,21.6,2634,-1.06117,18.09,29.1666666666667,2.3,93.31,18.005904146,-0.3,12.07,28.83718384,28.86,7.23248,162,-1.027556,4.33701992,6.635026,23.15942,3.691,0.0997417,0.141610925,0.06604,0.689669613,60.202298921,37.361849312,15,25.2
"84","Peru",0.734203129104298,45.33,96,0.922824211,1.791964427,-3.51217287188552,20.56,110.1653876,22.005662549,3.87,3.4,91.2,48.36413,2.1,4.595051,52.884375,75.98294021,0.72,0.405915231776988,6.650711677,11.19202014,346.1753476,26.6083672,196.346675,9.6,12.9,3164,-0.527133333333333,40.2,38.9,4.4,102.92,5.732600927,-2,11.32,0.738200294,61.10963,26.11487,202,-7.079139,3.277960062,5.317889,18.08394,4.768,1.337904,24.01455763,0.545293333333333,0.345405489,33.958686423,16.544732094,5.1,16.7
"85","Albania",0.732765802641622,28.96,99,-0.280486216,1.60703771,-1.89860583882596,34.9,107.5972351,66.894098251,6.43,10.3,100,87.93716,5.2,9.701772,28.248905109,60.52689585,4.34,0.217395947424726,0.061767661,10.68921529,28.86049099,26.1504619,7.103503508,5,13.3,2857,-12.14132,60.1,43.7666666666667,6.6,105.47,3.533720948,-3.2,11.45,5.739703969,84.76527,1.33296,158,-8.312282,3.268680096,5.882328,19.12103,10.52,8.464771,26.56383378,0.15308,3.050417062,18.683431262,19.630698667,0.31,14.9
"86","Armenia",0.732982583044665,30.3,100,3.56373889466667,1.67383608,-26.890756110645,57.01,116.7987006,46.00499254,8.87,11.9,100,75.03648,0.9,3.548608,8.907622058,71.54126243,37.86,0.317574186259282,16.30000001,14.46393506,22.40412537,20.9266618,0,1.8,14,1084,-2.61963,46.3,9.5,5,115.92,2.158069193,-3.4,26.87,9.577000408,94.47,4.38289,164,-9.975223,2.250149965,4.519753,19.3076,12.224,21.01379,32.66394123,0.27014,10.64988984,21.314318148,18.653482484,6.3,15.6
"87","Bosnia and Herzegovina",0.732530325844487,33.04,100,2.709606612,6.185334807,-1.13122171162547,7.99,105.7083333,67.680782995,4.82,6.3,100,85.02369,4.1,1.764679,42.843137255,93.91646937,0.88,0.200654239214444,-0.466983341,22.76307955,35.94704519,17.8837766,0,1.3,5.7,529,-3.16499,60.8,46.9,18,91.28,11.925967492,-0.3,16.94,6.088298586,56.83266,17.22785,78,-1.143518,4.800336758,9.625997,17.09921,22.342,10.80434,7.888293396,0.02171,0.605775405,6.710965858,20.866164157,5.2,6.6
"88","Ecuador",0.731674443061735,46.57,90,3.922678498,2.34333293,-23.6033634453499,15.78,112.8105507,29.649492695,3.39,5.7,97.2,60.81707,5.3,0.7674718,38.129328394,86.28549413,2.17,0.407268763866313,7.727259997,14.09402289,165.8875797,27.8523688,98.26738181,12.4,19.1,1364,-1.3167,43,46.3,13.2,103.9,8.641467102,-0.4,16.87,1.640018639,39.77,11.0995,149,0.1956072,4.358260155,6.395048,18.70906,0.7,2.60266,12.86325172,0.22779,2.283122286,19.5678499206667,17.5577829606667,2.7,22.5
"89","Saint Lucia",0.72905644949465,51.73,92,4.202712436,2.270512241,7.30593607103711,-5.27,108.6387228,123.082364273,3.44,12.3,90.9,97.20478,3.06666666666667,6.25223,77.049180328,61.19161188,14.3,0.386058049794624,6.917001473,14.81770831,1.850350309,23.344663,0,21.6,12.7,319,-31.52455,51,31.2333333333333,7.63333333333333,102.59,0.05106806,0,4.73,13.263178186,40.40914,10.42671,317,-13.2941,4.700260162,8.5,16.66479,0.711,2.256905,26.7552244833333,0.1682,6.682284266,27.126574685,23.04105473,1.2,14.5
"90","China",0.727494941192669,37.01207517,96.3333333333333,6.534991351,6.710301991,35.1580446048333,66.87,111.0535416,162.962964439,3.25,8.1,100,50.2602,8.7,3.764487,22.622763805,88.30257161,19.51,0.190685514159557,8.178779165,14.05973594,15643.21744,47.3020355,212.2504415,1,10.9,55700,-1.80617,49.3,31.2333333333333,7.1,92.27,4.193831585,-0.2,14.56,8.572817355,65.33,24.3432366666667,121,-2.657049,6.30308993666667,5.567502,18.20779,205.007,0.4201049,11.737611,1.98305,0.060225227,24.90310597,10.636195176,3.2,12.7
"91","Fiji",0.727135774475926,42.83,97.6666666666667,1.145220192,1.423838114,7.12561653326733,31.57,115.6508393,121.758300849,5.13,8.3,59.3,136.3714,4.1,4.104073,55.873015873,71.4340240566667,18.3533333333333,0.418116400368192,6.768473751,15.04924022,6.609582607,21.1145453,0,4,20,658,20.10483,41.8,20.1333333333333,10.6,98.78,1.722241759,-6.6,4.26,12.541845933,64.32,3.49117,174,-14.06903,4.19645977,4.131533,27.99728,1.115,5.280879,45.9655642056667,0.218356666666667,2.590955264,32.487375526,23.187023319,1.7,23.6
"92","Mongolia",0.726620588836606,36.52,99,3.726992257,6.927361359,-14.3746011524227,24.83,136.7223215,63.631293046,4.78,16.7,89.8,112.1687,3.7,18.6768,6.909292206,95.3736789,1.58,0.325352696458653,-25.04085129,11.27385132,25.92728255,44.1633181,0,9.7,26.4,418,-3.9012,27,46.9,16.3,105.06,19.750795871,-1.1,27.63,31.46142946,84.8,9.10258,287,-16.96144,5.476170063,6.009265,27.58707,2.068,2.22059,4.068468111,0.27392,0.60671212,11.558677995,18.235731878,7.2,31.8
"93","Thailand",0.725836139231478,39.37,99,8.019704151,4.556738121,-2.80014324144034,45.15,109.2750063,173.300209537,4.52,2.8,100,143.8481,4.5,3.26654,37.193133551,80.43860057,13.07,0.379619729511624,4.890969123,13.81211913,933.5776805,26.7328563,24.47964662,5,11.3,26500,-0.24691,34.89,43.8,19.1,144.44,4.725901082,0.3,3.93,16.95396776,38.12426,17.4115466666667,398,0.3660696,7.568950176,4.57427,16.28069,0.241,1.469269,18.9091144,0.25056,5.553957796,36.230180063,16.502160844,14,13.1
"94","Dominica",0.723788308527255,40.3466666666667,97.3333333333333,5.214938385,1.74616602,-11.80000000441,-8.14,103.7286326,61.867803953,4.11333333333333,5.43333333333333,92.7,81.00359,3.46666666666667,3.467566,58.8,63.67490929,10,0.341457284000895,2.61880052733333,19.06810036,0.720848345,12.0430108,134.7364639,21.1,10.2,78,-4.5629,62.86,41.2333333333333,14.6,127.45,0.101429738,-1.63333333333333,15.9,3.20836246666667,48.9041266666667,13.56978,391,-0.3196384,5.07122993466667,5.950643,14.84121,0.043,4.558284,42.8440873266667,0.226733333333333,8.914906323,16.173120729,21.776978417,2,11.4
"95","Libya",0.724464011013942,37.6766666666667,97.3333333333333,-2.831748776,6.39342247,0,0.79,125.7112887,-51.094266113,3.27,4.73333333333333,100,94.84997,1.4,0.9460977,0.123327688,98.73854426,12.8766666666667,0.134026356696985,2.16836385366667,9.3,126.3325326,27.9,0,1.7,12.4,34,-2.74004333333333,17.76,27.4333333333333,2.2,161.12,23.469335116,-7.7,19,8.458206104,48.46,3.39110333333333,81,3.476302,5.68136000666667,4.298793,17.5673466666667,3.353,0.0283264,1.289179297,0.42791,12.19013852,14.6431977123333,15.3791731626667,6.8,14.5
"96","Tunisia",0.721191132101355,35.79,99,3.916208279,2.402455639,61.5552099597993,37.85,115.9833549,83.443978756,3.86,4.7,100,103.1496,1.4,2.252695,6.686405767,85.25248663,69.71,0.24042843294652,2.764591334,18.9775771,117.2219311,20.2356239,0,2.2,13.1,6269,-3.15745,46.16,27.09,3.4,128.49,4.608209968,-0.6,12.22,36.70917595,39.27293,5.86855,199,-2.422967,6.223509789,7.079837,17.43043,1.368,4.874094,14.7746606,1.10218,0.33215978,26.692323612,21.037048778,2.9,15.2
"97","Colombia",0.720170399971798,53.53,97,0.468712931,1.538341298,-3.55411954988801,22.85,108.8551742,70.146599684,2.74,4.5,97,38.03376,1.9,4.280588,54.346101848,75.59274364,0.5,0.428534837599031,5.800036348,16.7009108,581.0835168,24.5033422,27.31916143,30.8,14.5,2288,-0.527133333333333,52.57,37.4,9.1,113.08,9.24499171,-0.5,14.71,2.008246565,56.29694,15.28811,245,-4.102348,4.929749966,6.811924,24.77293,108.479,1.088617,24.824841,0.17267,0.268270345,19.730478541,13.248179628,1.6,16.9
"98","Saint Vincent and the Grenadines",0.720035388382771,42.7433333333333,99.3333333333333,6.338599005,2.179604415,6.16600790839192,-5.14,106.7196293,58.429051893,3.4,4.8,75.9,87.23986,4.56666666666667,17.86615,68.871794872,63.67490929,7.9,0.441016359586522,15.3513070283333,18.49840683,1.110582627,24.9337964,549.5013733,25.6,17.2,72,-3.54159333333333,56.48,43.7666666666667,13.8666666666667,105.16,0.070130996,-9.1,5.25,7.52270436166667,58.3538633333333,31.42725,376,-19.94154,5.083330154,5.2,15.29101,1.535,4.452998,21.0453516433333,0.438823333333333,9.380742962,24.519230769,23.003093986,2.6,19
"99","Jamaica",0.718529601920589,45.51,98,0.233537961,2.872655693,-2.42019733791158,-4.96,125.6885016,51.445720777,4.96,7,92.6,83.40987,0.7,4.635752,31.048938135,82.09958938,7.5,0.429960658468856,0.275747186,16.31390074,23.367069,19.6559618,43.38478764,39.3,14.3,2008,-4.5629,40.5,35,1.8,102.92,0.812211692,-5.8,4.11,3.322202329,72.19,13.92094,152,-5.482361,6.256199837,5.816326,21.27636,1.506,15.04614,17.90044324,0.396863333333333,1.253893835,32.981570057,27.068312529,0.22,16.6
"100","Tonga",0.717040728787238,34.5633333333333,97.6666666666667,3.852359338,0.98203799,0,25.6,108.3161666,27.119320843,5.99,6.86666666666667,95.9,80.46948,3.03333333333333,2.487887,12.5,71.4340240566667,18.3533333333333,0.665646200693959,2.12742013,18.89634252,0.540734289,33.0694524,0,1,10.4,45,-4.79480333333333,40,26.2,11.1,64.28,0.067134932,-15.4,5.63,10.9255327146667,87.85664,9.60885,150,-6.923816,6.24669337266667,4.711185,21.10539,0.019,23.80476,49.7056995956667,0.222716666666667,5.16126582,25.419842389,11.4072701643333,2.5,12.1
"101","Belize",0.714982234811716,42.7433333333333,95,1.8326783,1.739123561,-13.3795712518206,-5.64,98.2421612,58.323570466,3.03,27.9,100,127.1728,0.5,5.496886,60.227970189,63.67490929,6.42666666666667,0.425749674726351,0.70792038,15.13577358,2.726443567,17.8486964,0,44.7,14.3,294,-3.54159333333333,38.7,43.7666666666667,4.9,50.71,5.905766964,4.6,8.28,1.137657011,76.09403,9.08946,476,-4.474724,6.613369942,5.428263,22.57321,0.04,4.580556,18.714956837,0.201196666666667,15.32389274,28.724033775,22.640822387,4.3,16.7
"102","Dominican Republic",0.71502847209969,45.68,81,3.757905618,2.156995478,-4.90061324853741e-09,-9.67,117.9004948,47.774230335,4.09,5.2,98,56.76416,2.1,2.615441,40.811258278,89.34778942,30.37,0.477340658385209,-6.392522342,10.06587683,122.7172568,21.4637987,115.6408387,22.1,23.6,4690,2.70795,49.58,17.2,6.1,78.86,0.200037241,-2.7,14.9,7.011500275,54.37846,8.86127,240,-6.140032,3.776200056,5.398474,23.6279,0.31,7.333601,10.65222412,0.534306666666667,3.86885089,20.491290701,12.226953517,4.4,28.1
"103","Suriname",0.714286152213,44.77,99,-0.583599456,3.606356451,-0.170546835296781,16.15,125.9829191,31.492415785,6.23,9.7,100,75.57883,11.9,2.594241,94.556410256,66.8977096233333,0.62,0.462565405457128,2.67508996233333,23.34260204,8.388892675,24.8545347,0,6.1,20.3,249,-2.28361666666667,40.08,37.9333333333333,44.5,170.57,20.525075436,-1.9,9.11,9.07122190033333,45.8765,9.65164,186,-2.586491,6.26315665266667,4.757322,13.29948,0.017,0.1319867,25.558787486,0.406703333333333,7.727026606,31.888382591,19.418654573,2.6,22.8
"104","Maldives",0.706365291698594,37.37,93,2.983660683,3.324959935,0,32.25,129.4445161,86.879119002,3.51,14.2,100,223.5966,4.9,15.68874,3,74.65682439,15.67,0.242668969436844,6.824763186,16.798533,3.892830666,40.4127405,0,3.9,8.4,1125,-1678.08219,49.28,28.4,7.8,189.38,0.048699383,0,14.15,25.041120066,30.07,17.15262,307,-13.37033,6.194290161,10.80828,11.4094,0.031,0.1436962,5.63776778466667,0.534306666666667,24.41286523,2.825997411,15.49196761,2,9.9
"105","Samoa",0.702093944815722,36.75,48,6.012901811,1.252143478,31.538461538629,52.3,108.0086221,40.838007791,5.99,6.86666666666667,100,80.93992,3.03333333333333,3.015218,60.424028269,71.4340240566667,18.3533333333333,0.457078376544591,13.3953780076667,17.0933985666667,1.063023316,23.3445885,0,3.6,15.5,116,-7.62655333333333,21.2,75.8,26.4,55.53,0.827912629,-13.4,4.52,17.6811340203333,47.4638733333333,10.04949,228,-2.788335,5.773459911,7.507057,30.23604,0.001,19.70648,45.9655642056667,0.218356666666667,2.953690669,20.289336633,0.019541223,3.2,18.1
"106","Botswana",0.69791874265797,60.46,72,1.495079444,2.443804075,-18.98090100359,74.23,123.4989648,13.576224106,2.93,3.6,53.2,115.0171,2,1.275685,19.611102289,65.38325414,12.8766666666667,0.480071140002604,4.310280303,19.70085858,30.81559189,33.9207594,0,18.4,36.3,2145,-5.40016,18.5,27.4333333333333,5.7,167.3,1.635041595,2,3.36,22.03980842,75.68,7.02788,205,7.128927,9.487380028,5.429467,25.41686,0.168,0.2437439,22.27092195,0.53286,7.246193245,23.865143567,27.125443146,21,46.6
"107","Moldova",0.693302690570274,30.63,100,3.56373889466667,1.398821793,23.9248488458341,82.19,117.8300267,44.010018086,4.82,5.7,100,125.315,4.8,3.124867,12.02678028,94.89078533,9.14,0.248234140747678,-2.016806723,20.30265571,16.08857881,22.8507082,0,6.5,13.3,11.5,-12.31464,46.6,24.6,24.1,108,0.226823069,-5.9,28.59,21.76888661,95.03304,5.38253,188,-2.725099,8.348959923,11.80155,16.32995,2.205,24.90608,3.389599987,0.40499,11.22698873,2.651185359,18.644926841,18,15.4
"108","Egypt",0.689948655224713,30.75,99,5.090131833,2.78099524,61.8181826408678,58.55,129.0627973,86.199263133,7.47,9.8,100,42.27457,1.2,2.041748,0.071525441,96.47622237,24.8033333333333,0.572610931918188,3.384830636,11.68083043,880.7512079,13.7797297,0.806557646,3.4,18.6,9174,0.97878,31.7,33.7,2.4,114.31,8.12986365,-0.5,28.3,25.28531424,52.11,3.90231,80,-0.2408002,3.760829926,5.060637,27.73437,13.05,7.318898,3.702094749,0.42863,0.362492237,26.154816333,13.164326092,0.46,21.8
"109","Turkmenistan",0.687520517135472,38.6666666666667,97.3333333333333,1.495079444,12.18367613,0,216.96,117.166424833333,70.8609617593333,4.90666666666667,7.96666666666667,100,117.6513,7.5,7.314064,8.782159045,74.65682439,24.4133333333333,0.359146798997652,6.824763186,8.85717012,71.02881519,47.2,0,12.8,46.6,8,-3.13690666666667,12.2,21.1,32.5,135.78,36.950229438,-1,41.79,11.13973264,64.6197566666667,5.19740666666667,224,1.13906933333333,3.049249887,1.972531,22.83623,0.526,3.71983853333333,0,0.344533333333333,4.31915821,31.556944724,26.0343925116667,8.4,55.2
"110","Gabon",0.683512931952251,42.19,90,-2.936597418,1.403276216,-2.34245955965662e-09,120.4,104.4640947,11.695118258,5.22,21,89.3,93.55676,4.5,4.425258,85.380525478,38.86509883,0.08,0.513689337464761,18.1671164,8.87489682,31.17134153,33.2515597,51.92245822,9.1,39.1,269,-38.30885,9.81,37.9333333333333,12.1,210.37,29.093539845,0.6,2.92,10.5143576706667,45.16,4.69927,196,-2.026406,5.44840010033333,3.814626,24.53098,0.177,0.1272616,61.13485109,0.58087,23.62567453,17.810200342,17.223689073,44,56.1
"111","Indonesia",0.683759559291754,38.1406895,67,6.653505702,2.313292898,-21.4964781337851,83.08,116.9100201,45.638797505,6.73,10.7,96,49.48196,4.9,2.688367,51.370910315,66.42315665,24.8033333333333,0.494013827919728,4.872391551,9.10661912,2312.362037,31.6629451,327.33701,0.6,24.5,8802,-0.45797,17.14,3.07,3.7,126.18,4.821959704,-0.6,2.04,3.082433848,44.48203,11.02493,59,-2.671772,3.567409992,3.068364,18.59225,9.826,0.876888,33.5768443,0.08332,0.118236749,36.803451932,11.43072588,27,29.3
"112","Paraguay",0.679164355632861,48.01,76,3.244556239,0.806136742,-18.5858108472555,19.3,115.245478,38.339801074,4.33,11.2,98.2,94.06088,3.2,1.193061,43.354643846,33.80761819,0.62,0.471829476734595,5.285260459,12.05345426,53.28288012,15.1497269,31.2169895,9.7,18.7,610,-14.14841,43,46.7666666666667,9.1,105.6,4.641805649,-1.2,11.07,1.305423518,38.7761,19.88428,118,-3.041771,4.966430187,9.005342,21.74149,0.1,2.037421,145.1948765,0.05483,2.731078261,11.614289785,12.794241379,3,21.9
"113","Palestine",0.677492608721596,34.46,99,3.56373889466667,0.572406877,0.991189419718985,56.72,119.4355675,54.0291321573333,5.99,6.86666666666667,97.7,72.4418,3.03333333333333,1.594702,1.523255814,56.8791038506667,48.75,0.514762595872808,-8.962076669,27.72221927,18.69787358,22.1572069,12.57421838,7.4,18.6,545,-9.81066,53.67,39.3666666666667,8.33333333333333,72.08,15.2770665286667,-2,9.63333333333333,3.69094250133333,56.69453,3.52806,83.6666666666667,-1.245073,3.99785339833333,4.595399,23.5944,5589.773,18.28863,59.4638133433333,0.222716666666667,5.929253553,2.099094116,5.128366306,0.23,21.8
"114","Uzbekistan",0.675466117266967,35.19,100,3.56373889466667,3.914921266,7.3136289105763,23.12,112.923631266667,68.5167106976667,6.45333333333333,7.5,100,59.2746,4.1,1.896272,7.681476258,98.17106922,100.6,0.514762595872808,7.53787033433333,22.43944485,151.2809963,23.1599445,0,3.7,36.7,1969,-8.28873,43.55,39.3666666666667,13.2,73.79,13.785094934,-1.4,23.81,26.97897036,57.0633333333333,1.92168,152,-7.65230366666667,4.12481005966667,6.114993,15.6244,4.957,11.1047186333333,1.844778356,0.239776666666667,4.376420599,16.7363009366667,11.6796324853333,2.1,42.5
"115","Philippines",0.668218345584203,43.03,90,0.713566888,0.862803677,18.3348554072238,35.2,111.2033195,51.858258965,6.84,2.6,87.5,59.88726,1.2,1.346701,26.074387095,59.66794844,17.03,0.41959354727433,7.65624124,11.10484268,622.4590438,20.452635,97.53822946,8.8,23.5,4681,-0.23496,39.69,23.6,4.8,111.22,2.206140518,-1.4,11.53,2.203902366,64.82351,24.22016,111,-0.3126836,3.41,4.398341,31.43572,0.725,9.813653,40.33204909,0.10963,0.216630001,42.082511621,12.880076975,24,29.9
"116","El Salvador",0.665784288496964,41.8,99,3.36647746,1.068523404,-26.2068965295505,17.7,107.7947771,72.072385846,4.28,3,93.7,72.20301,5.7,0.8114219,13.426640927,47.87002441,8.06,0.426899130571334,6.022227966,11.95015479,47.64903589,15.1031984,286.5261297,41.2,13.5,1283,-1.3143,29.7,26.3,23.5,144.03,1.725271702,-7.1,15.96,6.279650781,39.81858,16.21072,422,-0.7016574,3.417490005,6.945801,24.47664,9.673,16.36944,51.9029622,0.03112,0.656341013,23.031282986,14.532871972,1,15.7
"117","South Africa",0.665879394316415,65.02,85,1.009357537,9.257216472,0,64.04,117.1340801,190.222083921,3.04,6.2,85.4,64.22334,1.1,2.217724,7.617736524,87.23932476,13.2666666666667,0.407089384393462,2.361045761,22.2363057,641.3763996,19.331039,16.87540397,31,32.8,9537,3.55069,49,25.19,5.5,149.68,4.82529223,-0.4,7.76,17.48040665,74.25865,23.01407,294,-2.477429,6.233610153,8.93251,28.68789,0.424,0.2651644,12.94767276,0.7616,4.546066565,49.375609357,26.496690123,59,43.9
"118","Vietnam",0.665717350216551,35.62,95,3.593963868,1.971889173,57.9136707771097,32.1,138.0052744,108.227421628,4.11333333333333,5.43333333333333,99,163.6653,2.4,5.192835,45.425226562,71.04616896,9.26,0.307781334131761,7.260188172,6.15585579,459.7225447,23.8191014,948.1421376,3.3,19,7572,-2.21944,48.31,38.5,8,147.11,6.694987535,-0.4,11.59,8.006154137,64.99953,5.50217,145,-4.908688,6.303110123,5.952436,18.88349,314.059,6.345015,28.22798967,0.241756666666667,0.074487564,22.920323694,16.7805462456667,20,23.8
"119","Bolivia",0.661830764207645,46.64,76,3.191720188,1.561355792,-9.89601083546487,48.93,121.4134042,50.352649078,5.85,12.2,90.5,81.38535,8.5,5.717472,52.230037847,72.74845158,0.36,0.444295564892852,9.290223037,13.86783083,63.32704099,19.1004564,1490.003312,12.1,31.2,798,-7.62655333333333,39.02,67.6,16.2,96.34,12.954783678,-2.4,4.73,2.02291192,53.13445,3.26918,140,-4.316528,6.436910152,6.065052,24.21916,0.602,3.925797,27.2515614,0.157,1.446229103,9.64106556,16.964865804,21,39.1
"120","Kyrgyzstan",0.655273514725433,33.39,98,2.709606612,1.199591629,18.1339713024701,57.78,127.529306,13.967201019,3.90666666666667,5.36666666666667,100,143.0854,4.5,10.48451,5.14911366,68.37992979,32.63,0.352807492481652,0.249108092,18.07639037,17.78688546,30.5462357,59.41036894,9.1,21.6,3076,1.88964,28.3,46.7666666666667,14.2,134.46,7.939410448,-6.3,19.64,9.701585918,95.62871,2.94636,181,-10.55098,6.79061985,6.671649,23.89988,2.345,31.5237,39.38075084,0.15633,4.091176859,19.106638071,18.116687114,9.5,24.2
"121","Iraq",0.653860838996062,29.54,99,1.813517167,4.208272413,3.33252972579765,42.31,114.3534281,-1.383889191,5.06,16.4,100,66.68023,2.1,1.243637,1.89952109,97.49666739,12.8766666666667,0.538845061654232,2.16836385366667,21.3,483.6001123,16.6554711,8.444678147,8,28,892,-0.17986,11.3,27.4333333333333,1.2,94.91,19.486222442,2.7,6.07,4.538329361,39.03,5.35797666666667,110,1.278443,5.42001334833333,5.215143,16.95545,426.114,0.1254372,0.950543319,0.03378,0.28366457,38.5699934426667,29.9122176903333,2.9,34
"122","Cape Verde",0.646240272542626,43.82,91,6.23088141,0.867122204,48.2525951721872,103.55,108.7509463,82.811404019,5.7,5.4,70.6,87.24091,1.6,2.198833,21.263027295,71.4340240566667,18.3533333333333,0.373180782101762,2.12742013,18.52364207,3.098396304,35.9117327,0,10.3,21.9,503,-34.47352,40.26,16.1,9.1,121.79,0.451101452,-6.9,2.95,10.9255327146667,81.2743466666667,8.59943,267,-1.438924,5.043610096,4.353161,22.56007,0.028,9.344444,39.5525572156667,0.07264,2.981376917,23.256957345,17.799183135,23,26
"123","Micronesia",0.639590168781703,61.1,97.6666666666667,3.56373889466667,1.240959545,-9.72426793145381,52.3,114.141168133333,-27.164670059,5.99,6.86666666666667,59.3,91.6714466666667,3.03333333333333,0.5982712,91.685714286,56.8791038506667,15.6833333333333,0.514762595872808,7.53787033433333,14.4940316533333,0.340236431,21.3824968666667,0,4.6,29.8,42,-0.73402,22.7333333333333,39.3666666666667,9.5,79.0933333333333,0.060108591,-15.7,1.77,2.20706737733333,34.5219933333333,27.23477,80,-4.69877183333333,4.58552348633333,12.59384,35.3919266666667,175.345333333333,6.971352,80.46735958,0.25341,2.510888565,19.9642510483333,14.7654059376667,24,36.4
"124","Guyana",0.635715749290017,49.9933333333333,88,0.088218435,2.253385461,3.88391541150668e-09,12.78,109.458413,53.719364539,3.38,6,79.5,203.8294,22.1,6.706192,77.241554483,57.2589705366667,0.53,0.515278010612955,16.425158653,14.20481006,5.066308147,24.9210084,0,17,29.9,177,-16.8906,37.35,38.4,70.8,70.54,8.803390503,-8.2,2.14,20.389808094,54.48,7.81281,260,-7.040292,3.19404006,6.5,23.1645,0.802,10.97612,52.3087200233333,0.408276667666667,1.847143556,30.1272092406667,14.3349571473333,15,36.6
"125","Nicaragua",0.631432133731395,45.73,85,1.131874987,0.829634356,-34.1160833027966,96.73,124.1246121,44.812404951,4.54,6.4,77.9,92.64564,4.9,7.508257,24.713312282,49.75543157,0.94,0.44854772427784,1.754094629,5.74763944,27.32424952,22.8696046,99.43780285,11.3,20,1229,-7.62655333333333,17.6,29.3,15.4,114.57,4.740461946,-4,3.74,13.86883968,38.88,51.59073,153,-7.876073,4.39413023,8.287618,30.21638,1.536,9.606767,50.33231749,0.453073333333333,0.682216102,29.960932672,14.849889027,3.1,23.5
"126","Morocco",0.627953661567307,40.88,94,4.443174996,1.763531559,2.02020200948763,62.76,104.1421665,115.535121467,5.67,4.9,100,80.50816,1.2,3.236758,11.54156397,93.59757676,35.69,0.524865831152219,3.693131762,18.96891696,233.928969,30.1643807,0,2.2,26.1,10000,-7.67251,56.8,44.5,9.9,131.71,1.512303225,-2.7,6.2,39.14927252,25.32,10.74566,220,-3.021591,6.590469837,6.01455,25.66659,1.345,6.627489,4.109936685,0.7338,0.153813528,26.185182822,24.492466441,9.2,30.4
"127","Namibia",0.627616307670663,61.32,78,1.986940832,1.251757065,-18.4934946089727,49.45,118.1839997,49.654430319,3.45,7.2,47.3,104.0748,1.4,6.892199,8.674464648,65.96589372,9.64,0.400989232806485,8.941433858,27.58830406,21.36502706,25.6903197,0,17.2,35.2,1176,-32.68889,14.84,42.5,4.4,113.76,1.025335073,-0.3,3.74,28.47698286,33.85,15.53728,191,-3.024874,8.495189667,7.737475,29.77842,1.144,0.087541,21.02450996,0.14441,2.233650195,32.618445347,23.10697741,14,49.8
"128","Guatemala",0.627208787889758,52.35,97,1.919736565,0.765486709,-25.3454085854111,-13.81,115.0207631,40.632347285,7.11,5.5,78.5,58.64054,4.3,2.50966,33.077640911,33.51479654,2.6,0.533192437921318,4.824675868,10.47874166,109.2446582,14.3017511,433.3287651,39.9,25.8,1331,-14.14841,23.4,27.6,13.7,106.63,3.602504313,-1,9.32,9.108649332,22.55391,33.27227,105,-3.17366,2.845129967,6.51574,25.54245,6.622,9.983221,66.19495876,0.0481,0.47041017,29.429286577,10.835960507,2.1,31
"129","Tajikistan",0.624455504947767,30.77,88,2.709606612,0.356149254,0.490196075572702,44.58,124.9484784,19.005004707,3.90666666666667,5.36666666666667,100,87.51061,2.8,1.267174,2.929408402,42.90388492,51.07,0.357262848055073,1.131586502,11.74017642,19.95865398,14.0998956,31.97122056,1.6,40.9,208,-4.15184,17.49,58.3,5.7,95.13,1.324226258,-2.5,18.99,10.47769525,93.22,2.01199,130,-1.035506,4.018030167,6.751992,22.3589,0.685,47.49755,57.54488538,0.12148,3.359412483,17.541187108,15.559569189,7.6,47.7
"130","India",0.608692726635813,33.60168037,84,5.21342449,1.698672693,7.48369538181697,68.82,131.9747419,77.082776521,4.68,8.4,78.7,53.2837,16.4,1.501382,23.114567182,72.30027842,33.88,0.562867060437408,3.830083581,11.81270115,6558.732756,28.2791162,743.0699732,3.5,41.4,6968,-0.56166,18,35.4,25.8,74.48,3.616795599,-0.4,7.02,9.612465639,42.08,29.3969033333333,30,-1.771424,3.791949987,3.967993,35.15463,11.155,3.731471,27.6368149,0.80602,0.426349108,44.83908856,10.655413962,22,52.7
"131","Honduras",0.606054607560755,57.4,94,2.413885595,1.081709663,-39.1347099345507,-16.75,118.1071672,57.311784665,4.76,4.8,82.2,117.4823,2.8,5.762953,44.25775315,51.58722423,6.42666666666667,0.47958016725452,4.050624648,16.58802273,35.99641807,24.4716857,141.0467329,90.4,18.9,863,-0.92912,19.08,50.1333333333333,8.3,93.52,2.819220304,-1.2,3.72,15.04037624,26.99125,30.34513,153,-10.99838,4.55425000166667,8.582866,33.87645,3.338,16.90565,48.76114608,0.169443333333333,0.339640154,21.618012145,14.719141872,2.9,22.2
"132","Bhutan",0.605184587949222,38.73,100,14.18964911,0.769164648,32.0932863539023,70.6,129.194415,50.22668144,5.07,6.4,75.6,103.7201,11.2,2.794894,85.804234331,71.4340240566667,0.43,0.457433789180101,-6.568469695,17.50752074,5.403693318,47.2760543,0,1.7,29.7,116,-29.90453,34.37,26.2,23.1,82.07,16.627622604,2.7,2.59,0.054156879,34.36573,21.14169,135,-6.923816,5.47713995,3.592283,23.9859,26.708,0.6626924,59.4638133433333,0.187246666666667,6.746097537,15.912639713,9.235527025,14,36.2
"133","East Timor",0.594761079063589,30.41,55,3.56373889466667,0.16364808,-25.5072463805149,78.14,141.0501651,-53.635321331,5.99,6.86666666666667,41.6,136.6929,5.8,1.580266,48.392737054,56.8791038506667,15.6833333333333,0.491649247368941,3.64640884,85.7480315,2.343569932,55.7480315,0,3.6,46.2,58,-3.96569,1.14,39.2,10.2,58.74,17.6241048176667,-13.3,0.73,2.20706737733333,34.5219933333333,16.44086,25,178.604,9.418680191,1.27311,31.35481,0.011,9.43778,80.46735958,0.193126666666667,1.0212035,19.6298133043333,14.7654059376667,74,54.6
"134","Syria",0.593720561402457,35.78,96,3.020273732,2.625979411,35.3255055361327,48.89,143.1999795,36.202967739,5.99,6.86666666666667,96.3,76.47648,0.2,3.073775,2.739203834,98.67937811,84.17,0.532923591862152,23.56057886,12.30532266,66.1159355933333,20.4247542,0,2.2,11.9,5070,-7.00516666666667,28.09,38.1666666666667,0.7,70.95,7.35747873033333,-13.7,15,33.29269157,34.0703,6.83629,58,-3.88042816666667,4.871970177,3.272049,31.78702,3017.498,2.550284,1.445403051,0.310746666666667,6.366897051,30.19284957,14.194682792,2.1,14.6
"135","Vanuatu",0.593871205245596,36.75,43,0.727965912,0.591505431,-8.31135160694885e-09,5.9,103.7165923,68.705450662,4.11333333333333,5.43333333333333,27.1,99.12009,4.56666666666667,3.980442,36.095159967,63.67490929,6.42666666666667,0.407348212941191,2.220450922,16.26320858,0.731742177,25.2404258,0,2.9,14.6,110,-7.62655333333333,18.8,48,13.8666666666667,60.41,0,0,1.16,12.6498229473333,57.06076,28.54799,76,-1.953825,5.012869835,3.852452,21.66442,0.001,2.862722,53.54469329,0.243893333333333,1.229610346,22.0800359103333,15.985777376,7.9,16.9
"136","Republic of the Congo",0.590621540611831,40.17,91,0.700517733,0.53199527,-1.49298389216914,52.3,111.5508198,-7.23598008,6.29,18.8,41.6,142.6044,4.6,14.47052,65.554904832,48.85030174,15.6833333333333,0.593448450590438,-11.80753795,13.55084741,25.26357264,30.7338714,518.5140375,12.5,35.6,297,-20.85482,37.2666666666667,26.2,14.7,112.913333333333,54.435346935,-2.1,0.95,0.104746831,43.24,29.70908,31,-31.41206,6.220789909,4.120718,44.442,11.674,0.1764722,51.00979841,0.239776666666667,9.701117359,4.134581355,5.946111597,42,49.1
"137","Kiribati",0.590236957412795,39.2733333333333,94,0.727844712,0.628100756,0,69.22,114.141168133333,54.0291321573333,5.99,6.86666666666667,59.3,121.0286,3.03333333333333,5.326972,15,56.8791038506667,15.6833333333333,0.491649247368941,1.43226809,16.44027187,0.183852809,22.0238456666667,87.53880029,8.2,45.1,5.9,-3.96569,12.25,73,9.5,17.41,0.099094197,-2,3.76,2.20706737733333,34.5219933333333,21.09494,114,4.024714,4.58552348633333,10.07615,24.9969,0.02,7.295666,80.46735958,0.25341,2.558841633,8.746804414,16.05420584,17,58.2
"138","Equatorial Guinea",0.58656086094597,28.8466666666667,54,14.89952662,9.341683473,-13.8494623681308,124.67,120.7325114,-3.508070735,3.26666666666667,6.33333333333333,66,156.8326,8.6,12.28454,57.126559715,73.07550391,4.71666666666667,0.20710510892629,9.849620268,6.65328141,24.74304976,58.4011579,0,19.3,69.3,0,-5.78899333333333,18.86,31.3333333333333,24.1,66.39,67.612336859,5.3,3.02,6.046997951,96.0947166666667,27.93064,95,-2.0312055,5.336736679,3.470018,26.1669,0.186,2.24695026666667,9.71599228533333,1.04235,1.339605344,35.731330817,20.481020824,0,95.8
"139","Zambia",0.585509863261832,57.49,14,-4.392004573,0.223509065,-6.94166666962333,95.98,121.3427317,27.468452644,10.1,3.2,22.1,81.60101,10.8,6.751832,66.095589125,8.756977521,6.42666666666667,0.586813868681361,13.3953780076667,2.80376004,55.24015056,25.8951521,153.6662549,10.7,55.8,915,-7.62655333333333,17.34,51.9,20.8,67.34,10.52368132,-0.6,0.66,4.629743815,34.97,44.51099,119,-6.413882,1.345360041,5.03094,47.94526,0.233,0.2012622,91.82536742,0.34033,0.680304348,47.966372395,15.963114481,28,87.4
"140","Ghana",0.579090286681072,42.76,63,0.923798572,0.40613603,-36.7722878669861,80.04,132.464651,34.753838103,5.4,18.3,64.1,89.39861,2.2,6.703779,20.696141338,37.37390732,15.6833333333333,0.553734019298327,-7.900932897,16.62609154,100.0961642,22.6699455,0,6.1,52.3,931,0.54986,18.9,44.5,4.2,114.82,12.646429062,-0.8,0.96,1.430711126,54.32,16.28634,54,-8.071126,8.14097023,5.390447,30.07899,22.455,0.2478259,63.12336837,0.37655,1.385194242,24.683424989,14.865870113,6.9,78.4
"141","Laos",0.57504489148152,36.22,75,-0.463993631,0.184437676,-9.93069192239572,29.82,119.295099,26.492605092,8.62,3.6,70,83.36621,6.6,3.795123,67.567590988,63.67490929,1.05,0.407348212941191,33.88295567,14.4641119,31.59661801,29.1730311,0,5.9,53.8,2510,-3.40501,14.26,50.1333333333333,11.2,66.99,8.31248498,-2.2,1.82,4.108453348,29.79,26.66258,69,-3.855084,2.773869991,1.978438,25.59771,7.705,0.5303616,71.6227495533333,0.169443333333333,0.32203662,17.596397941,14.832001936,11,71.4
"142","Bangladesh",0.57009997440545,32.12,31,2.709606612,0.373339091,-3.82864795160358,121.01,126.4430232,57.922350656,7.99,4.5,59.6,46.2964,8.7,1.001162,11.03787355,71.52585831,2.92,0.503392282616762,5.791087496,5.11613254,446.8355404,28.3896166,76.21777786,2.7,33.2,148,-1.12232,9.6,53.3,6.8,75.92,2.838001013,-2.6,3.56,11.27111715,37.75,33.79904,42,-0.9042976,2.233839989,3.727478,40.21148,10.018,9.238673,28.47414169,0.243893333333333,0.891800082,22.358152739,8.685927392,45,41.1
"143","Cambodia",0.554758321299132,31.82,62,1.989708373,0.307803949,-23.9864029676917,250.02,111.7668232,40.254420422,7.78,4.7,31.1,139.5158,6.5,8.826509,55.739859506,26.22423718,0.46,0.477496076534391,21.28453032,5.21854105,44.55074331,18.0696085,0,6.5,32.5,4210,-2.70832,9,22.3,12.6,155.11,2.483183622,-2.3,2.27,39.31071064,15.48256,35.7704,106,-8.399649,2.603879929,7.518833,46.92711,13.63,1.154627,71.12475599,0.243893333333333,0.49927424,13.823540609,11.593074991,63,37.9
"144","SÃ£o TomÃ© and PrÃ­ncipe",0.555003908988382,33.87,75,3.421450843,0.560528887,0,39.18,132.4011368,28.808355533,9.12,50.5,60.5,58.27048,3.03333333333333,3.41,28.125,56.8791038506667,15.6833333333333,0.491649247368941,1.43226809,13.5154438,0.555001638,41.7064475,0,3.3,36.7,12,-3.96569,24.41,44.4,9.5,64.94,2.269073725,-1.6,4.91,2.20706737733333,34.5219933333333,33.86937,128,-1.421888,9.479419708,6.898551,31.37579,0.02,8.533107,80.46735958,0.25341,3.287684009,12.815118458,14.015096227,16,51
"145","Kenya",0.548409284752484,47.68,60,0.529624268,0.322830855,-7.09277237883127,51.86,131.8464844,42.826629895,5.84,6,23,50.89603,8.4,0.931135,6.052992234,19.71031282,7.01,0.552202337408778,1.115190809,14.04606422,119.9910701,20.4140088,12.34847105,6.4,47.5,1434,-14.14841,43.4,45.1,24.4,73.84,3.289930016,-0.2,1.81,31.0001229,28.56635,22.36874,121,-0.4548725,6.638899803,4.476563,56.5747,8.635,2.410966,80.29181812,0.976170003,2.154165704,40.892311684,15.902177028,22,70.7
"146","Nepal",0.547536524936057,32.82,42,6.98723985,0.159608758,-24.7016311575981,291.15,130.417729,69.104052904,9.5,10.2,76.3,48.21336,20,0.3816179,25.364492501,12.54302393,4.52,0.488570140943673,-6.861139856,9.93664937,60.39804748,22.5772948,315.7054001,2.9,32.2,798,-7.59779,15.44,26,30.1,82.49,4.167696791,-2.9,2.09,2.320809332,27.38,39.63986,48,-4.87041016666667,4.716989994,5.997744,23.93286,8.12,28.77282,86.88591562,0.3022,3.494013859,18.744509067,15.335364102,20,39.7
"147","Pakistan",0.538381761878611,29.63,34,2.660765388,0.927832445,-36.6442421691253,32.21,132.195293,48.975344598,7.14,13.2,93.6,33.14771,9.6,0.5626665,2.07684724,60.89336378,74.35,0.535854151164019,10.17265964,10.96205949,811.2767432,12.969225,2919.636281,7.7,69,966,-5.31572,13.8,50.0333333333333,9.1,73.33,3.072322927,-1.8,8.27,4.465127462,33.24783,37.80587,39,-0.4744131,2.487930059,2.754422,42.54875,32.782,6.296527,39.10663622,0.32902,2.240423786,27.854753599,11.132404411,34,85.5
"148","Myanmar",0.535560677621194,38.3966666666667,72,0.517299165,0.199423053,-20.5320977950497,52.3,112.4495606,24.551530252,8.49,8.1,52.4,90.8514966666667,10.3,2.49496563333333,47.687550705,21.31422761,18.3533333333333,0.413401108634387,-1.29850388466667,16.2929673466667,54.6112596333333,20.2079507,14.25672162,15.2,39.8,2044,-1.02726,2.1,31.8,16.5,49.47,4.866174611,-0.4,6.12,19.21348921,19.19,25.20767,120,-3.83262746666667,0.786059976,1.770139,28.2163,223.676,9.87018196666667,78.68576527,0.232196666666667,0.193614159,25.218721859,12.6669557403333,48,50.5
"149","Angola",0.531591421824396,42.66,36,2.913788453,1.47221569,-4.50275517398039,48.15,136.1297275,18.871327065,7.22,13.7,37,96.49377,7.3,-5.733708,46.707628138,39.27903427,0.48,0.407348212941191,-2.67568507,19.91099645,160.7797281,14.6906262,520.1013937,10,101.6,650,-7.62655333333333,21.26,32.1,20.7,63.48,31.028745055,0.6,1.66,3.291979319,48.54534,68.12715,105,10.68158,3.476439953,3.798967,42.54306,10.321,3.9e-05,60.7209731,0.325656666666667,0.407216634,31.918977954,18.83667616,42,167.4
"150","Swaziland",0.530633150455283,51.49,50,0.163463757,0.865201677,21.1440677768303,27.75,122.0863163,18.433811981,3.38,6,42,114.633,4.1,0.6383359,33.244186047,57.2589705366667,4.65666666666667,0.55722482946357,5.504525321,19.88586719,8.085460388,9.5999528,21.96133471,33.8,55.9,968,-32.8286,27.1,46.7666666666667,8.6,72.32,1.780880094,-1,1.7,5.157378966,23.81,32.69063,284,-0.25405,7.829539776,8.437423,29.05959,0.109,0.7913406,74.56075452,0.29086,2.042714207,17.541187108,15.559569189,63,80
"151","Tanzania",0.521214355954627,37.82,16,0.623021342,0.157503158,-21.3852271280613,56.81,141.0115842,24.348463673,11.54,4.8,15.3,49.4875,18.3,4.289878,36.826823211,10.69052699,5.75,0.54691136750456,36.18071278,19.0273852,82.16306377,32.0798589,67.90537459,12.7,36.4,1063,-9.25072,4.86,45.4,31.6,62.77,3.239913106,-0.6,0.08,24.99486467,7.54,33.3469,78,-5.655624,6.181200027,7.311431,43.44315,1.039,0.1361247,89.30947301,0.51616,0.635041926,21.880666245,16.051656455,13,51.8
"152","Nigeria",0.514024001421638,42.95,30,1.084507968,0.536115274,-52.2931414522209,62.31,134.9246423,22.256725195,6.33,4,55.6,31.02589,2.9,1.074926,9.027306565,17.39586957,4.58,0.373180782101762,1.38667721,8.08360654,941.4627755,14.4711796,8.535962417,20,74.3,600,-4.79480333333333,42.68,29.5,10.3,77.84,8.144690725,-0.4,4.08,11.50578828,81.2743466666667,20.66159,32,-4.454323,6.24669337266667,3.875997,37.55319,32.223,4.45664,82.60413043,0.21896,0.710531664,28.319144833,1.556757245,16,117.4
"153","Cameroon",0.511806528138551,40.72,61,3.424371511,0.267620307,-19.9045895693646,90.1,108.0299558,15.482925587,7.81,10,53.7,49.56677,3.4,1.100699,41.200736181,26.79627116,15.6833333333333,0.587308664017031,6.467017797,11.57348299,60.96124783,19.4014388,233.4110594,7.6,60.8,912,-8.03372,11,51.1,10.9,75.69,5.124285609,-0.5,0.77,15.33127804,28.01,30.24518,119,-2.147529,2.965329885,5.106277,45.56349,11.468,0.8254304,73.20374372,0.25341,1.311191415,19.9642510483333,14.7654059376667,29,94.5
"154","Madagascar",0.509865579019213,40.63,83,-0.861782065,0.112992456,-9.19114810613488,24.66,123.2287449,15.636035556,7.07,3.5,15.4,73.05434,6.9,7.891204,21.380383125,63.67490929,6.42666666666667,0.407348212941191,-14.317702,8.62116616,31.37569412,15.7045592,1205.52118,11.1,39.6,196,-2.60571,3.7,46.4333333333333,15.2,38.22,3.655378938,0,1.61,0.010311891,32.3888933333333,62.0302,87,-16.3499503666667,2.742980003,4.233579,39.76644,0.295,0.2176552,71.6227495533333,0.10567,0.149676,21.180725997,10.096434285,46,56
"155","Zimbabwe",0.508747385575832,49.9933333333333,49,-2.40083028,0.738135818,-32.4580400618404,161,109.0794885,75.526302769,3.90666666666667,5.36666666666667,40.5,86.44997,9.7,2.965159,38.697169446,28.29375288,7.01,0.50397590295063,2.67452007,20.03706449,25.09175794,12.9934572,0,10.6,55,1833,-16.65745,19.89,43.4,27.2,80.82,5.610965371,5.7,0.62,29.42090318,55.34,19.5291233333333,129,-4.72650416666667,1.966099977,5.887984,35.86109,19.715,14.6392956666667,70.29230421,0.444353334333333,2.551243678,26.6863264053333,16.7618660163333,33,88.5
"156","Mauritania",0.505867208280143,40.46,59,1.669600356,0.623915168,-44.0963854709518,51.78,115.4348071,39.077014294,10.09,3.1,21.8,133.6845,1.5,27.07925,0.225089745,72.8012596033333,11.82,0.610451396802838,2.805912291,17.00110424,11.4565896,37.9722876,362.1383398,5,67.1,0,-22.97282,10.7,38.4,4.5,94.2,32.596528053,-1,1.3,23.80440185,14.39,35.87207,45,-4.72650416666667,3.812410116,3.77143,35.37825,34.34,14.6392956666667,61.9558425733333,0.408276667666667,2.318991846,30.1272092406667,14.3349571473333,93,90.1
"157","Solomon Islands",0.505637417174453,36.75,97.6666666666667,1.234110946,0.368065249,-5.25817556209491,577.24,119.818192,20.310170251,5.99,6.86666666666667,22.8,119.1357,7.2,4.072728,78.663808503,71.4340240566667,18.3533333333333,0.407348212941191,13.3953780076667,39.19373867,1.123916946,13.3715075,113.2689377,4.3,25.1,24.4,-7.62655333333333,9,64,13.9,65.76,31.319645882,-4.3,2.24,14.40561312,23.8196166666667,25.11109,55,-3.994775,9.853710175,5.132867,20.59775,0.061,1.505488,78.0020558266667,0.27131,1.402274643,18.1503675666667,12.7861893533333,15,30.1
"158","Papua New Guinea",0.505259362104141,37.07,97.6666666666667,3.155088946,0.745637979,-9.77508485497473,112.51,114.5951801,49.166539344,5.99,6.86666666666667,18.1,90.7269566666667,9.1,0.1182247,62.80439871,48.9886911773333,0.05,0.611274796733109,8.75432438666667,18.65204415,17.99297081,25.8668375333333,327.2821179,10.4,47.3,174,-7.00516666666667,9.38,38.1666666666667,15.9,44.93,18.691713691,0,0.53,17.2963754386667,11.12,24.9576166666667,48,-3.975502,4.97045008333333,4.493263,36.24174,0.221,0.0926099,86.21159243,0.458766666666667,0.347494735,23.7556171063333,14.797805096,54,61.4
"159","Comoros",0.503183524423493,64.3,87,1.879072239,0.225189085,-81.6666666661497,176.56,105.9509583,26.898855839,3.90666666666667,5.36666666666667,69.3,78.23268,10.3,2.326732,1.182160129,72.8012596033333,7.01,0.428497323204701,2.199999901,16.21755588,1.028722742,17.7536459,0,10,57.9,19,-70.4945,6.98,38.4,24,50.9,3.513794422,-2.8,1.46,22.861918364,28.32342,44.59307,16,-1.60501,7.608129978,5.757306,27.80796,0.528,20.02079,55.8370956133333,0.396520001,1.702369111,26.110402394,30.2867704343333,6.3,77.9
"160","Yemen",0.498110250182353,35.91,17,2.75479145,0.956709703,0,83.14,145.7691505,33.859791234,7.58,11,48.4,82.07618,3,-0.3714998,1.039831809,98.50974843,168.6,0.743960447814218,7.53787033433333,13.75709418,93.53603375,16.3837696,16.87297243,4.8,40.4,990,-0.76748,22.55,39.3666666666667,4.3,68.49,7.511798859,-1.1,1.97,32.35370437,17.61,40.50239,55,0.8345503,4.560599804,5.351706,30.25279,2.514,9.296472,1.490265344,0.193126666666667,1.289294415,19.6298133043333,14.7654059376667,5.6,51.3
"161","Lesotho",0.496532148690262,54.17,45,1.986940832,1.08410084,10.999999979507,206.75,116.9270053,1.728934695,4.43,6.4,20.6,150.6161,3.4,1.922729,1.462450593,61.0603139733333,9.64,0.540638910245585,12.28711001,37.7314128,5.172914415,36.7378639,129.7012267,38,73,433,-11.66452,11,38.4,9.2,101.9,4.517468929,-1.9,0.49,63.63823579,20.87199,43.24563,121,-1.114372,12.98200989,11.47672,32.62708,0.015,19.80645,55.8370956133333,0.01283,0.149195094,17.378866037,58.691400368,17,98
"162","Togo",0.483537548807549,45.96,78,2.990354912,0.324076867,-60.9927007286056,93.73,108.1821782,35.978361785,6.81,15.5,31.5,95.76477,2.8,1.941805,4.91266777,15.22389258,15.6833333333333,0.588147782078269,15.83308896,9.57312679,9.175073395,18.2591734,214.2435432,10.3,55.8,327,-9.39327,5.7,44.4,8.5,68.97,9.19918406,-0.3,0.53,5.125375036,26.84598,36.14342,64,-0.8450595,4.013160229,8.620802,41.34921,10.295,10.60836,82.43938866,0.25349,2.970170671,10.070004759,16.392145608,8.7,84.7
"163","Haiti",0.483373299262551,59.21,80,3.253228775,0.220395791,-14.3103448240224,73.21,121.9632319,20.440525911,9.73,3.4,37.9,71.13656,2.4,2.196131,3.606676343,21.9816894,10.33,0.602642565485929,16.425158653,9.14928899,17.00729398,27.1264277333333,948.4039948,10.2,54.7,295,-14.14841,11.4,20,3.3,64.71,1.918966532,-3.4,5.97666666666667,15.205918,28.5,19.6887,96,-2.67635083333333,3.73600324,9.42383,35.5156833333333,38.518,21.05363,78.0183106,0.396520001,0.368898899,26.110402394,30.2867704343333,25,72.8
"164","Rwanda",0.483240523685543,50.82,63,4.410447179,0.059557451,43.0817610005807,177.52,117.0538981,8.042733376,8.62,10.5,18,45.39474,7.2,1.472898,18.443453587,56.8791038506667,15.6833333333333,0.400478559880413,0.996677741,14.16529605,16.79763397,25.5345395,55.28236336,23.1,37.1,864,-5.72873,10.6,47.9,17.1,64.02,6.097024225,-0.8,0.56,10.14349785,8.38,65.25253,492,-1.478359,5.088759899,11.14239,59.81633,82.635,2.260963,80.46735958,0.25341,3.84159262,25.686738221,13.371710526,10,52
"165","Uganda",0.48267209055669,44.55,30,-1.113764478,0.108085953,-40.8208798183052,83.62,142.7238878,16.290807096,5.2,21.8,18.2,50.73301,12.3,4.834984,14.071367799,48.9886911773333,1.06,0.538090021239979,7.535669308,8.31430411,51.40125493,23.8277982,852.9404289,10.7,43.8,1206,7.22051,17.71,62.2,26.9,52.43,13.219075829,-0.8,1.17,23.49298444,28.7504,75.1622,97,-5.50284,3.279299974,9.763035,45.59109,6.688,3.771044,74.1949562833333,0.55794,1.414094983,30.641676007,13.006394731,13,66.1
"166","Benin",0.479635110400558,43.53,80,5.495706521,0.509941159,-22.5655268118996,86.73,110.7131254,21.452822787,8.07,21.8,38.4,51.77262,3.1,3.852759,39.561901383,41.70510576,5.75,0.61428857793952,4.16933932,11.24972588,17.89377452,26.2737263,1637.795139,8.4,56.2,231,4.32848,5.3,32.1,8.8,101.71,1.884748844,-0.2,0.59,1.643053087,19.16,46.7651,75,-0.913947,5.345119953,4.559738,43.72854,0.313,2.754479,56.17972479,0.53832,2.269013319,16.832667045,15.577882746,9.4,85.3
"167","Sudan",0.479113119607052,35.29,59,0.039924011,0.354150545,-27.8944743031906,99.93,218.0366895,23.953825795,4.11333333333333,5.43333333333333,32.6,25.70694,11.5,3.273623,23.179802189,29.51155156,71.24,0.590920502368842,20.90110432,7.51162664,123.9448404,19.9910073,627.0349792,11.2,51.2,591,-7.62655333333333,24.64,50.1333333333333,23,72.2,4.761671424,-4.3,2.8,39.91637429,15.15,20.13425,56,-3.268125,2.23167,6.538191,46.10161,657.795,0.6375519,70.48844844,0.243893333333333,1.176649983,22.0800359103333,13.5449397496667,22,76.6
"168","Djibouti",0.470442735444082,39.96,92,-1.428301659,0.558725843,0,106.7,111.6272293,33.93019013,4.58,4.33333333333333,53.3,134.2378,9.5,19.63852,0.241587575,61.0603139733333,9.64,0.386058049794624,7.964773031,25.11463704,2.533725498,37.4874745,0,10.1,57.4,63,-39.29862,10.71,31.2333333333333,20.9,32.39,2.27799330133333,-3.7,2.29,7.549997207,40.40914,15.5977,83,-0.990496,4.49022007,8.872706,33.23979,0.809,2.447619,26.7552244833333,0.0889566666666667,14.15196144,28.7529879533333,15.7749587686667,76,69.6
"169","South Sudan",0.466698863744483,37.07,35,3.56373889466667,1.380393759,-9.72426793145381,52.3,149,54.0291321573333,5.99,6.86666666666667,5.1,61.01515,12.8,3.04304296666667,31.055980025,48.9886911773333,1.33,0.449626509183522,10.93394077,23.04511386,22.19285278,11.8542343,0,13.9,64.1,0,-7.00516666666667,15.9,38.1666666666667,27.1,24.5,4.22197341166667,15.7,9.73333333333333,17.2963754386667,43.1396733333333,24.9576166666667,65,-3.07526083333333,0.72963,2.232292,49.89984,508.454,13.1724349,86.21159243,0.37121,5.573365422,19.8187299443333,14.9113014803333,30,99.2
"170","Senegal",0.465889126880936,40.31,73,2.091007155,0.589493364,-10.2180098920609,80.27,105.5822177,35.105010702,8.37,8.7,56.5,73.62257,2.8,2.016379,43.593206254,53.24021517,5.75,0.52821737281395,-1.101903594,15.47713352,30.67030879,25.0553917,0,2.8,43.9,1063,-7.62655333333333,17.7,32.1,8.6,98.84,1.453273037,-1.4,0.59,16.19906277,10.7844,38.63309,64,-8.110547,5.599979877,4.249429,31.58513,21.801,11.17615,46.38948022,0.54086,1.481595214,23.080646137,19.182225001,20,55.3
"171","Afghanistan",0.465264260207532,27.82,37,3.344787329,0.420932656,0,97.61,127.1924302,-3.865847618,5.99,6.86666666666667,43,55.40837,5.3,0.2934674,2.067824648,48.9886911773333,5.75,0.693350378808319,13.3953780076667,12.27059904,57.55212286,17.7324383,161.2691896,6.5,70.2,785.833333333333,-5.8255,6.39,46.4333333333333,6.2,74.88,1.210582614,-2.6,2.34,11.02342738,18.17,46.7950066666667,76,-0.0338779,5.596006711,8.099593,44.67743,2690.775,2.646638,76.34658608,0.36971,0.343974605,3.723815707,7.471638846,37,97.3
"172","CÃ´te d'Ivoire",0.462221996949664,43.19,65,-1.08256853,0.332470412,1.76286440480404,49.9,109.0123859,26.942999813,6.72,8.8,55.8,91.02239,4.1,1.194357,32.711320755,21.51022569,1.84,0.678892199314048,8.711019437,8.41311544,63.13160516,17.0376137,52.85579602,13.6,71.3,289,0.24328,14.6,39.3666666666667,10.6,106.25,5.442549348,0.5,1.44,1.280253484,22.36,26.88125,34,-3.128296,4.60299015,5.703037,41.00117,70.857,1.500844,78.96061647,0.25341,12.04056234,21.390896466,14.226915746,22,100
"173","Malawi",0.445415564514097,46.18,2,-0.808499773,0.078048881,-18.6088295718805,78.81,166.1245533,31.218989309,7.63,23.6,9.8,110.5163,8.9,3.196371,33.633856597,72.8012596033333,7.85,0.611113154547163,11.56548845,22.09725416,12.35344315,19.7381549,564.7351583,1.8,44.2,770,-20.12432,5.83,41.2,23.9,30.5,12.521039009,0,0.19,19.39214872,16.29,40.26663,76,-1.906997,5.35337019,8.335025,69.14697,0.325,0.667455,55.8370956133333,0.396520001,1.262503616,26.110402394,30.2867704343333,9,67.9
"174","Ethiopia",0.441815954384227,33.6,7,1.205304708,0.084380362,-20.956950120394,561.54,176.773131,36.862526097,6.25,9,26.6,41.54978,6.7,2.005168,12.0144,5.724114818,6.42666666666667,0.558285314779751,13.3953780076667,8.2926239,125.6934169,35.7969444,0.940567951,12,44.4,681,-7.62655333333333,2.9,55.9,16.5,31.59,14.030591413,-0.1,0.25,72.31884019,12.51169,63.39572,136,-16.3499503666667,4.737909794,5.062669,53.74934,74.481,1.441585,94.27588225,0.24566,0.763268044,16.027201393,9.209358617,18,64.4
"175","Gambia",0.440649497387748,47.28,53,2.695134526,0.2430624,9.41176470143787,48.38,115.4818101,50.104081218,7.25,2.7,34.5,87.80149,2.6,2.798017,47.786561265,63.67490929,6.42666666666667,0.622404110710477,2.955598997,7.47477875,2.973886987,20.7490995,24.06787381,10.2,49.4,171,-7.62655333333333,15.56,52.7,7.6,119.63,6.787356853,-1.5,1.07,17.94506408,24.29,27.03985,56,-5.1139737,4.082859993,5.951738,36.13171,3.448,15.4523,53.54469329,0.13309,8.809837316,18.044635545,15.125637112,51,73.8
"176","Democratic Republic of the Congo",0.43313535394693,44.43,28,-2.951561275,0.053572611,-4.27205777440058,242.08,128.5934872,7.272681654,5.99,6.86666666666667,16.4,74.66286,4.8,5.19284,67.714518868,4.205263792,0.05,0.672979582060817,14.21454389,12.39206836,52.88071225,20.5508833,35.94747728,28.3,86.1,191,-0.13229,3,64.1,15.8,53.49,31.026701331,-0.2,1.07,0.06511597,22.4,29.27455,33,-5.18013,1.60244,3.507367,34.74758,493.286,0.101286,95.83932171,0.13019,0.661975499,11.878713526,8.351894129,54,118.5
"177","Liberia",0.429695109001838,38.16,4,-4.858369221,0.218418427,-13.3901399921719,158.34,124.6808214,38.69281856,5.99,6.86666666666667,9.8,121.8799,2,35.8935,44.321013289,48.9886911773333,5.75,0.651150296673109,6.158674349,15.46745899,3.649239426,25.3959723,99.50739435,3.2,53.6,0,-7.62655333333333,5.41,38.6,6.8,73.35,36.352508128,-0.9,0.14,20.9876046833333,26.68,32.2345,46,-19.3416936666667,2.820689917,10.02607,26.49841,16.772,19.6525,76.34658608,0.53832,5.251046965,27.727426602,20.885359503,46,71.1
"178","Guinea-Bissau",0.419605069662974,35.52,24,1.278787486,0.151265093,-9.65703971026367,75.71,108.0385583,18.598437207,5.99,6.86666666666667,60.6,90.7269566666667,2.4,1.509387,71.19487909,48.9886911773333,5.75,0.449626509183522,8.75432438666667,18.65204415,2.321010944,25.8668375333333,47.61663202,8.4,77.9,30,-7.00516666666667,3.32,38.1666666666667,7.2,63.48,15.048937798,-1.2,0.7,1.018281226,15.0567933333333,36.0411366666667,68.6666666666667,-1.145646,4.97045008333333,5.496816,51.92515,1.249,4.759327,86.21159243,0.458766666666667,1.057588213,23.7556171063333,14.797805096,29,123.9
"179","Mali",0.419288835985669,33.02,81,2.944053946,0.086735785,-12.3649800714671,353.01,107.7863578,20.851714114,7.67,9.4,25.6,69.00587,2.7,3.74941,10.106622739,72.8012596033333,4.32,0.676735889966877,-4.206287145,11.33455169,24.31688255,16.2855902,71.99156238,7.5,77.6,142,-5.33809,7,46.7666666666667,7.2,149.02,8.113142014,-4,0.83,59.51022588,10.93437,38.40749,36,-5.697008,4.808650017,7.140213,41.29582,147.685,7.364213,88.2891484866667,0.66142,1.277986361,21.902633468,15.767779074,9,122.7
"180","Mozambique",0.416427561172889,45.66,48,-2.738430449,0.13351434,-11.016644375177,172.6,117.3995242,29.255136182,8.61,6.7,20.2,70.52596,21.1,42.84896,49.084666446,9.511787243,5.75,0.590679890998248,16.54123631,20.41077399,27.63241864,17.4237744,331.0383438,12.4,61.5,1886,-1.08844,5.94,31.5,34.2,69.67,4.0083443,-0.2,0.4,1.85083861,3.63,68.40503,65,-44.25891,5.006840229,6.78957,54.51697,0.057,1.388673,93.34080501,0.4626,0.846996596,29.546560996,20.790494929,53,87.2
"181","Sierra Leone",0.41277942655418,35.35,78,-2.582641409,0.153169615,-13.8293778023927,272.79,144.609751,14.519378741,6.83,3.3,14.2,107.5323,4.5,3.483561,37.223607648,56.8791038506667,0.13,0.650117270569519,6.464510333,10.35603422,9.105511055,16.5622641,39.67738367,1.9,107.2,81,-3.96569,2.1,44.4,11,76.66,7.969043657,-0.7,0.22,2.20706737733333,15.65,52.24828,52,-5.37429,2.883009911,11.84411,34.83163,5.309,1.634765,80.46735958,0.25341,1.581858398,31.046152361,11.696498229,143,160.6
"182","Guinea",0.411281627403836,33.68,58,0.686102601,0.232605745,-10.9030837085695,118.91,156.4485904,32.215289359,9.9,7.3,26.2,83.06406,2.4,2.20259,26.338922351,56.8791038506667,15.6833333333333,0.491649247368941,5.849509648,9.67617543,14.24560036,14.9679428,37.17191948,8.9,64.9,56,-5.09029,1.72,44.4,7.1,72.1,21.58604908,-0.2,1,0.847330433,34.5219933333333,41.41929,25,-10.62574,2.471390009,4.694245,43.55555,15.182,1.513802,80.46735958,0.25341,3.222289569,14.8225581886667,11.1400342946667,23,100.7
"183","Burkina Faso",0.402287572762056,39.78,77,5.155913182,0.120817204,-19.2493062819455,183.21,107.2568579,25.415927592,8.37,11.8,13.1,57.12318,2.8,2.905095,20.208333333,72.8012596033333,6.06,0.631257949063884,8.40818118,18.19258307,26.79075397,17.6183677,412.1000417,8,64.1,218,-2.01411,9.4,15.4,7.3,71.74,13.901795387,-1.5,0.47,73.15428759,2.03597,30.92551,28,1.84675,3.427010059,6.407305,46.09623,1.6,1.338253,61.9558425733333,0.20056,4.115675384,20.060029461,16.266733907,8.5,97.6
"184","Burundi",0.399928328530474,33.27,75,0.630171896,0.021908917,-41.7301037988799,195.33,140.0186251,23.936101306,7.04,8.3,6.5,41.64117,12.5,0.2536301,6.557632399,63.67490929,6.42666666666667,0.491558580663243,2,22.09033698,7.591006442,28.7450899,564.0377863,8,54.8,142,-3.49767,1.38,50.1333333333333,34.1,30.46,26.887363553,-0.4,0.28,18.5357217,6.73,52.5044,72,-16.3499503666667,5.820909977,8.017716,44.83364,71.938,1.791834,53.54469329,0.12126,2.504070836,19.855360043,11.0069743736667,18,82.9
"185","Chad",0.391905716938424,43.3,16,0.861267595,0.044623125,-13.298245611676,98.14,109.9543314,6.970455194,8.03,11.7,6.4,69.61847,2.3,3.984281,9.02684244,72.8012596033333,1.93,0.706454928905377,10.2828775,7.59360578,25.92757104,27.3904069,105.7855888,7.3,88.5,100,-11.943,2.5,46.7666666666667,7.4,39.75,10.988454621,-1.9,0.37,45.38459543,5.51025,49.01242,41,-4.68254116666667,2.2579,3.556836,62.42763,14.56,11.9906956666667,88.2891484866667,0.612716667666667,3.423822606,27.618324871,15.9788966696667,18,147.5
"186","Eritrea",0.39089902333553,36.75,99.3333333333333,2.709606612,0.087767907,-6.03331276582458,151.49,113.6526673,104.008757051,4.11333333333333,5.43333333333333,36.1,37.52991,8.7,1.273454,15.081188119,21.72873008,6.42666666666667,0.407348212941191,-9.458392001,21.07730835,7.32947357,9.9984538,0,7.1,36.1,107,-7.62655333333333,0.99,52.7,25.8,6.39,17.279918194,1.8,0.5,58.8287,60.67033,30.98078,120,-5.1139737,2.127000093,3.035674,40.9313,285.971,3.88796966666667,78.27153135,0.226783333333333,0.249449917,17.4029649136667,13.2657806266667,4.6,49.9
"187","Central African Republic",0.350131067617464,56.3,61,-1.829932298,0.064475205,-2.83584019141984,54.91,108.7570881,36.653437848,5.99,6.86666666666667,10.8,33.43098,5.3,0.0520097,36.188962728,56.8791038506667,0.05,0.654875678940061,1.044089329,7.66439107,2.697723042,14.7599427,1044.497879,11.8,96.1,71,6.19709,4.03,44.4,14.1,31.36,0.224130809,0.4,0.48,2.20706737733333,18.06,53.44371,19,-4.69877183333333,1.228620052,3.917532,80.11576,377.13,3.65249063333333,80.46735958,0.25341,2.907817903,6.902222819,9.455152885,50,139.2
"188","Niger",0.348254389301345,31.16,64,1.835630725,0.086170201,-39.372750661545,161.65,105.7861428,11.840731716,7.24,9.4,14.4,64.7355,1.9,8.524492,0.93092287,61.0603139733333,2.89,0.713228301477675,7.89278133,14.62888581,15.81294162,34.4434483,517.4936143,4.7,59.9,123,-5.08638,1.95,31.2333333333333,5.3,44.44,16.069584697,-0.3,0.19,25.04842445,5.15,30.67039,42,-12.99452,4.435669899,6.549742,38.75524,0.706,2.296706,26.7552244833333,0.0889566666666667,0.741921355,11.558006892,11.337821921,16,104.2
